#
# There is insufficient memory for the Java Runtime Environment to continue.
# Native memory allocation (mmap) failed to map 162529280 bytes for G1 virtual space
# Possible reasons:
#   The system is out of physical RAM or swap space
#   The process is running with CompressedOops enabled, and the Java Heap may be blocking the growth of the native heap
# Possible solutions:
#   Reduce memory load on the system
#   Increase physical memory or swap space
#   Check if swap backing store is full
#   Decrease Java heap size (-Xmx/-Xms)
#   Decrease number of Java threads
#   Decrease Java thread stack sizes (-Xss)
#   Set larger code cache with -XX:ReservedCodeCacheSize=
#   JVM is running with Unscaled Compressed Oops mode in which the Java heap is
#     placed in the first 4GB address space. The Java Heap base address is the
#     maximum limit for the native heap growth. Please use -XX:HeapBaseMinAddress
#     to set the Java Heap base and to place the Java Heap above 4GB virtual address.
# This output file may be truncated or incomplete.
#
#  Out of Memory Error (os_windows.cpp:3548), pid=26580, tid=13716
#
# JRE version: Java(TM) SE Runtime Environment (17.0.12+8) (build 17.0.12+8-LTS-286)
# Java VM: Java HotSpot(TM) 64-Bit Server VM (17.0.12+8-LTS-286, mixed mode, sharing, tiered, compressed oops, compressed class ptrs, g1 gc, windows-amd64)
# No core dump will be written. Minidumps are not enabled by default on client versions of Windows
#

---------------  S U M M A R Y ------------

Command Line: --add-opens=java.base/java.lang=ALL-UNNAMED --add-opens=java.base/java.lang.invoke=ALL-UNNAMED --add-opens=java.base/java.util=ALL-UNNAMED --add-opens=java.prefs/java.util.prefs=ALL-UNNAMED --add-exports=jdk.compiler/com.sun.tools.javac.api=ALL-UNNAMED --add-exports=jdk.compiler/com.sun.tools.javac.util=ALL-UNNAMED --add-opens=java.base/java.util=ALL-UNNAMED --add-opens=java.prefs/java.util.prefs=ALL-UNNAMED --add-opens=java.base/java.nio.charset=ALL-UNNAMED --add-opens=java.base/java.net=ALL-UNNAMED --add-opens=java.base/java.util.concurrent=ALL-UNNAMED --add-opens=java.base/java.util.concurrent.atomic=ALL-UNNAMED --add-opens=java.xml/javax.xml.namespace=ALL-UNNAMED --add-opens=java.base/java.time=ALL-UNNAMED -XX:MaxMetaspaceSize=512m -Xmx2048m -Dfile.encoding=windows-1252 -Duser.country=US -Duser.language=en -Duser.variant -javaagent:C:\Users\C TECH\.gradle\wrapper\dists\gradle-9.3.1-bin\23ovyewtku6u96viwx3xl3oks\gradle-9.3.1\lib\agents\gradle-instrumentation-agent-9.3.1.jar org.gradle.launcher.daemon.bootstrap.GradleDaemon 9.3.1

Host: Intel(R) Core(TM) i5-10210U CPU @ 1.60GHz, 8 cores, 15G,  Windows 11 , 64 bit Build 26100 (10.0.26100.9168)
Time: Sat Sep 26 00:43:48 2026 Sri Lanka Standard Time elapsed time: 206.773473 seconds (0d 0h 3m 26s)

---------------  T H R E A D  ---------------

Current thread (0x0000017da03170f0):  VMThread "VM Thread" [stack: 0x0000007463a00000,0x0000007463b00000] [id=13716]

Stack: [0x0000007463a00000,0x0000007463b00000]
Native frames: (J=compiled Java code, j=interpreted, Vv=VM code, C=native code)
V  [jvm.dll+0x67a04a]
V  [jvm.dll+0x7da4ed]
V  [jvm.dll+0x7dbe33]
V  [jvm.dll+0x7dc4a3]
V  [jvm.dll+0x24508f]
V  [jvm.dll+0x677089]
V  [jvm.dll+0x66bd32]
V  [jvm.dll+0x301fa6]
V  [jvm.dll+0x309546]
V  [jvm.dll+0x359d2e]
V  [jvm.dll+0x359f5f]
V  [jvm.dll+0x2d9078]
V  [jvm.dll+0x2d74ad]
V  [jvm.dll+0x2d6afc]
V  [jvm.dll+0x31a65b]
V  [jvm.dll+0x7e0d9b]
V  [jvm.dll+0x7e1ad4]
V  [jvm.dll+0x7e1fed]
V  [jvm.dll+0x7e23c4]
V  [jvm.dll+0x7e2490]
V  [jvm.dll+0x78abea]
V  [jvm.dll+0x678f35]
C  [ucrtbase.dll+0x2cd30]
C  [KERNEL32.DLL+0x2ccb7]
C  [ntdll.dll+0xaad6c]

VM_Operation (0x0000007467bf9860): G1CollectForAllocation, mode: safepoint, requested by thread 0x0000017dc3fab840


---------------  P R O C E S S  ---------------

Threads class SMR info:
_java_thread_list=0x0000017dc393a150, length=183, elements={
0x0000017d803384b0, 0x0000017da0319aa0, 0x0000017da031a570, 0x0000017da0337ff0,
0x0000017da03398d0, 0x0000017da033c1b0, 0x0000017da033ca80, 0x0000017da033e470,
0x0000017da0477ce0, 0x0000017da0481de0, 0x0000017da0583dd0, 0x0000017da0586b60,
0x0000017da0585720, 0x0000017da05842e0, 0x0000017da05838c0, 0x0000017da0585210,
0x0000017da05847f0, 0x0000017da0584d00, 0x0000017da0586650, 0x0000017da0585c30,
0x0000017da0586140, 0x0000017dc1a8aab0, 0x0000017dc1a8afc0, 0x0000017dc1a8c910,
0x0000017dc1a8b9e0, 0x0000017dc1a8ce20, 0x0000017dc1a8d330, 0x0000017dc1a8d840,
0x0000017dc1a8a5a0, 0x0000017dc1a8a090, 0x0000017dc1a8b4d0, 0x0000017dc1132050,
0x0000017dc1132560, 0x0000017dc1132a70, 0x0000017dc11301f0, 0x0000017dc1133eb0,
0x0000017dc1131630, 0x0000017dc1131b40, 0x0000017dc1130700, 0x0000017dc11343c0,
0x0000017dc1130c10, 0x0000017dc11348d0, 0x0000017dc1131120, 0x0000017dc1134de0,
0x0000017dc1137b70, 0x0000017dc1136c40, 0x0000017dc1135800, 0x0000017dc1135d10,
0x0000017dc11352f0, 0x0000017dc1136220, 0x0000017dc1137660, 0x0000017dc1136730,
0x0000017dc1137150, 0x0000017dc3facc80, 0x0000017dc3fab840, 0x0000017dc3fae0c0,
0x0000017dc3fab330, 0x0000017dc3fabd50, 0x0000017dc3fae5d0, 0x0000017dc3faeff0,
0x0000017dc3fad190, 0x0000017dc3fafa10, 0x0000017dc3fad6a0, 0x0000017dc3faeae0,
0x0000017dc3faff20, 0x0000017dc3fac770, 0x0000017dc3fb1870, 0x0000017dc3fb27a0,
0x0000017dc3fb0e50, 0x0000017dc3fb2290, 0x0000017dc3fb0430, 0x0000017dc3fb2cb0,
0x0000017dc3fb0940, 0x0000017dc3fb1360, 0x0000017dc4d7b4b0, 0x0000017dc4d7c8f0,
0x0000017dc4d7d310, 0x0000017dc4d7dd30, 0x0000017dc4d7d820, 0x0000017dc4d7ce00,
0x0000017dc4d7bed0, 0x0000017dc4d7a580, 0x0000017dc4d7e240, 0x0000017dc4d7b9c0,
0x0000017dc4d7aa90, 0x0000017dc4d7e750, 0x0000017dc4d7c3e0, 0x0000017dc4d7afa0,
0x0000017dc4d7ec60, 0x0000017dc4d80ac0, 0x0000017dc4d805b0, 0x0000017dc4d7f170,
0x0000017dc4d81f00, 0x0000017dc4d800a0, 0x0000017dc4d814e0, 0x0000017dc4d819f0,
0x0000017dc3a3ca80, 0x0000017dc3a3d4a0, 0x0000017dc3a3dec0, 0x0000017dc3a3e3d0,
0x0000017dc3a3f300, 0x0000017dc3a3e8e0, 0x0000017dc3a3edf0, 0x0000017dc3a3c060,
0x0000017dc4bfbdd0, 0x0000017dc4bfd210, 0x0000017dc4bfc2e0, 0x0000017dc4bfc7f0,
0x0000017dc4bfd720, 0x0000017dc4bff070, 0x0000017dc4bfe650, 0x0000017dc4bfeb60,
0x0000017dc4bfb8c0, 0x0000017dc4bff580, 0x0000017dc4bffa90, 0x0000017dc4bfffa0,
0x0000017dc4c004b0, 0x0000017dc4bfcd00, 0x0000017dc4c009c0, 0x0000017dc4c00ed0,
0x0000017dc4c013e0, 0x0000017dc4bfe140, 0x0000017dc4bfdc30, 0x0000017dc4c02820,
0x0000017dc4c018f0, 0x0000017dc4c01e00, 0x0000017dc4c02310, 0x0000017dc4c02d30,
0x0000017dc4c03240, 0x0000017dc2c46ba0, 0x0000017dc2c48f10, 0x0000017dc2c470b0,
0x0000017dc2c475c0, 0x0000017dc2c49420, 0x0000017dc2c484f0, 0x0000017dc2c49e40,
0x0000017dc2c46690, 0x0000017dc2c48a00, 0x0000017da05833b0, 0x0000017dc1133490,
0x0000017dc3faf500, 0x0000017dc4c61940, 0x0000017dc4c63290, 0x0000017dc4c61e50,
0x0000017dc4c65b10, 0x0000017dc4c66530, 0x0000017dc4c66a40, 0x0000017dc4c67970,
0x0000017dc317ac80, 0x0000017dc317d500, 0x0000017dc317cff0, 0x0000017dc317c0c0,
0x0000017dc317bbb0, 0x0000017dc5fe69b0, 0x0000017dc5fe78e0, 0x0000017dc5fe5060,
0x0000017dc5ec5820, 0x0000017dc5ec7680, 0x0000017dc5ec5d30, 0x0000017dc5ec3ed0,
0x0000017dc5ec6240, 0x0000017dc5ec6c60, 0x0000017dc5ec7170, 0x0000017dc5ec80a0,
0x0000017dc62dc330, 0x0000017dcc785130, 0x0000017dcd058fc0, 0x0000017dd04fab70,
0x0000017dc5fe6ec0, 0x0000017dc5fe8300, 0x0000017dcc4ea6f0, 0x0000017dcc4ea1e0,
0x0000017dc62dc840, 0x0000017dc62dcd50, 0x0000017dc62dd260, 0x0000017dc62dd770,
0x0000017dc62dbe20, 0x0000017dc34993d0, 0x0000017dc34989b0, 0x0000017dd04fa150,
0x0000017dcd058ab0, 0x0000017dc3dc69a0, 0x0000017dc76515b0
}

Java Threads: ( => current thread )
  0x0000017d803384b0 JavaThread "main" [_thread_blocked, id=18272, stack(0x0000007463400000,0x0000007463500000)]
  0x0000017da0319aa0 JavaThread "Reference Handler" daemon [_thread_blocked, id=15568, stack(0x0000007463b00000,0x0000007463c00000)]
  0x0000017da031a570 JavaThread "Finalizer" daemon [_thread_blocked, id=20744, stack(0x0000007463c00000,0x0000007463d00000)]
  0x0000017da0337ff0 JavaThread "Signal Dispatcher" daemon [_thread_blocked, id=23836, stack(0x0000007463d00000,0x0000007463e00000)]
  0x0000017da03398d0 JavaThread "Attach Listener" daemon [_thread_blocked, id=18140, stack(0x0000007463e00000,0x0000007463f00000)]
  0x0000017da033c1b0 JavaThread "Service Thread" daemon [_thread_blocked, id=5968, stack(0x0000007463f00000,0x0000007464000000)]
  0x0000017da033ca80 JavaThread "Monitor Deflation Thread" daemon [_thread_blocked, id=10068, stack(0x0000007464000000,0x0000007464100000)]
  0x0000017da033e470 JavaThread "C2 CompilerThread0" daemon [_thread_in_native, id=26032, stack(0x0000007464100000,0x0000007464200000)]
  0x0000017da0477ce0 JavaThread "C1 CompilerThread0" daemon [_thread_blocked, id=24120, stack(0x0000007464200000,0x0000007464300000)]
  0x0000017da0481de0 JavaThread "Sweeper thread" daemon [_thread_blocked, id=20716, stack(0x0000007464300000,0x0000007464400000)]
  0x0000017da0583dd0 JavaThread "Common-Cleaner" daemon [_thread_blocked, id=21624, stack(0x0000007464400000,0x0000007464500000)]
  0x0000017da0586b60 JavaThread "Notification Thread" daemon [_thread_blocked, id=17624, stack(0x0000007464500000,0x0000007464600000)]
  0x0000017da0585720 JavaThread "Daemon health stats" [_thread_blocked, id=2372, stack(0x0000007464800000,0x0000007464900000)]
  0x0000017da05842e0 JavaThread "Incoming local TCP Connector on port 54748" [_thread_in_native, id=2280, stack(0x0000007464700000,0x0000007464800000)]
  0x0000017da05838c0 JavaThread "Daemon periodic checks" [_thread_blocked, id=10696, stack(0x0000007465000000,0x0000007465100000)]
  0x0000017da0585210 JavaThread "Daemon" [_thread_blocked, id=13368, stack(0x0000007464f00000,0x0000007465000000)]
  0x0000017da05847f0 JavaThread "Handler for socket connection from /127.0.0.1:54748 to /127.0.0.1:54749" [_thread_in_native, id=20672, stack(0x0000007465100000,0x0000007465200000)]
  0x0000017da0584d00 JavaThread "Cancel handler" [_thread_blocked, id=15500, stack(0x0000007465200000,0x0000007465300000)]
  0x0000017da0586650 JavaThread "Daemon worker" [_thread_blocked, id=2012, stack(0x0000007465300000,0x0000007465400000)]
  0x0000017da0585c30 JavaThread "Asynchronous log dispatcher for DefaultDaemonConnection: socket connection from /127.0.0.1:54748 to /127.0.0.1:54749" [_thread_blocked, id=14320, stack(0x0000007465400000,0x0000007465500000)]
  0x0000017da0586140 JavaThread "Stdin handler" [_thread_blocked, id=15464, stack(0x0000007465500000,0x0000007465600000)]
  0x0000017dc1a8aab0 JavaThread "Daemon client event forwarder" [_thread_blocked, id=15644, stack(0x0000007465700000,0x0000007465800000)]
  0x0000017dc1a8afc0 JavaThread "Cache worker for journal cache (C:\Users\C TECH\.gradle\caches\journal-1)" [_thread_blocked, id=14896, stack(0x0000007465a00000,0x0000007465b00000)]
  0x0000017dc1a8c910 JavaThread "File lock request listener" [_thread_in_native, id=20944, stack(0x0000007465b00000,0x0000007465c00000)]
  0x0000017dc1a8b9e0 JavaThread "Cache worker for file hash cache (C:\Users\C TECH\.gradle\caches\9.3.1\fileHashes)" [_thread_blocked, id=4784, stack(0x0000007465c00000,0x0000007465d00000)]
  0x0000017dc1a8ce20 JavaThread "Cache worker for file hash cache (D:\GitDesktop\MHA\android\.gradle\9.3.1\fileHashes)" [_thread_blocked, id=11688, stack(0x0000007465e00000,0x0000007465f00000)]
  0x0000017dc1a8d330 JavaThread "Cache worker for Build Output Cleanup Cache (D:\GitDesktop\MHA\android\.gradle\buildOutputCleanup)" [_thread_blocked, id=5432, stack(0x0000007465f00000,0x0000007466000000)]
  0x0000017dc1a8d840 JavaThread "File watcher server" daemon [_thread_blocked, id=5884, stack(0x0000007466000000,0x0000007466100000)]
  0x0000017dc1a8a5a0 JavaThread "File watcher consumer" daemon [_thread_blocked, id=15520, stack(0x0000007466100000,0x0000007466200000)]
  0x0000017dc1a8a090 JavaThread "Cache worker for checksums cache (D:\GitDesktop\MHA\android\.gradle\9.3.1\checksums)" [_thread_blocked, id=748, stack(0x0000007466200000,0x0000007466300000)]
  0x0000017dc1a8b4d0 JavaThread "Cache worker for file content cache (C:\Users\C TECH\.gradle\caches\9.3.1\fileContent)" [_thread_blocked, id=19836, stack(0x0000007466300000,0x0000007466400000)]
  0x0000017dc1132050 JavaThread "Cache worker for cache directory md-supplier (C:\Users\C TECH\.gradle\caches\9.3.1\md-supplier)" [_thread_blocked, id=23516, stack(0x0000007466400000,0x0000007466500000)]
  0x0000017dc1132560 JavaThread "Cache worker for cache directory md-rule (C:\Users\C TECH\.gradle\caches\9.3.1\md-rule)" [_thread_blocked, id=8572, stack(0x0000007466500000,0x0000007466600000)]
  0x0000017dc1132a70 JavaThread "jar transforms" [_thread_blocked, id=22412, stack(0x0000007466700000,0x0000007466800000)]
  0x0000017dc11301f0 JavaThread "Cache worker for Build Output Cleanup Cache (D:\GitDesktop\MHA\node_modules\@react-native\gradle-plugin\.gradle\buildOutputCleanup)" [_thread_blocked, id=24592, stack(0x0000007466800000,0x0000007466900000)]
  0x0000017dc1133eb0 JavaThread "Unconstrained build operations" [_thread_blocked, id=21580, stack(0x0000007465600000,0x0000007465700000)]
  0x0000017dc1131630 JavaThread "Unconstrained build operations Thread 2" [_thread_blocked, id=4452, stack(0x0000007466600000,0x0000007466700000)]
  0x0000017dc1131b40 JavaThread "Unconstrained build operations Thread 3" [_thread_blocked, id=1184, stack(0x0000007466900000,0x0000007466a00000)]
  0x0000017dc1130700 JavaThread "Cache worker for Build Output Cleanup Cache (D:\GitDesktop\MHA\node_modules\expo-modules-autolinking\android\expo-gradle-plugin\.gradle\buildOutputCleanup)" [_thread_blocked, id=11204, stack(0x0000007466a00000,0x0000007466b00000)]
  0x0000017dc11343c0 JavaThread "Unconstrained build operations Thread 4" [_thread_blocked, id=18192, stack(0x0000007466c00000,0x0000007466d00000)]
  0x0000017dc1130c10 JavaThread "Unconstrained build operations Thread 5" [_thread_blocked, id=1264, stack(0x0000007466d00000,0x0000007466e00000)]
  0x0000017dc11348d0 JavaThread "Unconstrained build operations Thread 6" [_thread_blocked, id=19288, stack(0x0000007466e00000,0x0000007466f00000)]
  0x0000017dc1131120 JavaThread "Unconstrained build operations Thread 7" [_thread_blocked, id=23828, stack(0x0000007466f00000,0x0000007467000000)]
  0x0000017dc1134de0 JavaThread "Unconstrained build operations Thread 8" [_thread_blocked, id=2472, stack(0x0000007467000000,0x0000007467100000)]
  0x0000017dc1137b70 JavaThread "Unconstrained build operations Thread 9" [_thread_blocked, id=3972, stack(0x0000007467100000,0x0000007467200000)]
  0x0000017dc1136c40 JavaThread "Unconstrained build operations Thread 10" [_thread_blocked, id=9620, stack(0x0000007467200000,0x0000007467300000)]
  0x0000017dc1135800 JavaThread "Unconstrained build operations Thread 11" [_thread_blocked, id=7716, stack(0x0000007467300000,0x0000007467400000)]
  0x0000017dc1135d10 JavaThread "Unconstrained build operations Thread 12" [_thread_blocked, id=2552, stack(0x0000007467400000,0x0000007467500000)]
  0x0000017dc11352f0 JavaThread "Unconstrained build operations Thread 13" [_thread_blocked, id=9236, stack(0x0000007467500000,0x0000007467600000)]
  0x0000017dc1136220 JavaThread "Unconstrained build operations Thread 14" [_thread_blocked, id=22568, stack(0x0000007467600000,0x0000007467700000)]
  0x0000017dc1137660 JavaThread "Unconstrained build operations Thread 15" [_thread_blocked, id=6472, stack(0x0000007467700000,0x0000007467800000)]
  0x0000017dc1136730 JavaThread "Unconstrained build operations Thread 16" [_thread_blocked, id=12924, stack(0x0000007467800000,0x0000007467900000)]
  0x0000017dc1137150 JavaThread "Unconstrained build operations Thread 17" [_thread_blocked, id=12188, stack(0x0000007467900000,0x0000007467a00000)]
  0x0000017dc3facc80 JavaThread "Unconstrained build operations Thread 18" [_thread_blocked, id=26224, stack(0x0000007467a00000,0x0000007467b00000)]
  0x0000017dc3fab840 JavaThread "Unconstrained build operations Thread 19" [_thread_blocked, id=21520, stack(0x0000007467b00000,0x0000007467c00000)]
  0x0000017dc3fae0c0 JavaThread "Unconstrained build operations Thread 20" [_thread_blocked, id=11268, stack(0x0000007467c00000,0x0000007467d00000)]
  0x0000017dc3fab330 JavaThread "Unconstrained build operations Thread 21" [_thread_blocked, id=6528, stack(0x0000007467d00000,0x0000007467e00000)]
  0x0000017dc3fabd50 JavaThread "Unconstrained build operations Thread 22" [_thread_blocked, id=9612, stack(0x0000007467e00000,0x0000007467f00000)]
  0x0000017dc3fae5d0 JavaThread "Unconstrained build operations Thread 23" [_thread_blocked, id=4400, stack(0x0000007467f00000,0x0000007468000000)]
  0x0000017dc3faeff0 JavaThread "Unconstrained build operations Thread 24" [_thread_blocked, id=15104, stack(0x0000007468000000,0x0000007468100000)]
  0x0000017dc3fad190 JavaThread "build event listener" [_thread_blocked, id=2152, stack(0x0000007468100000,0x0000007468200000)]
  0x0000017dc3fafa10 JavaThread "Memory manager" [_thread_blocked, id=25044, stack(0x0000007468200000,0x0000007468300000)]
  0x0000017dc3fad6a0 JavaThread "Problems report writer" [_thread_blocked, id=15708, stack(0x0000007468300000,0x0000007468400000)]
  0x0000017dc3faeae0 JavaThread "Unconstrained build operations Thread 25" [_thread_blocked, id=4924, stack(0x0000007468500000,0x0000007468600000)]
  0x0000017dc3faff20 JavaThread "Unconstrained build operations Thread 26" [_thread_blocked, id=20724, stack(0x0000007468600000,0x0000007468700000)]
  0x0000017dc3fac770 JavaThread "Unconstrained build operations Thread 27" [_thread_blocked, id=25976, stack(0x0000007468700000,0x0000007468800000)]
  0x0000017dc3fb1870 JavaThread "Unconstrained build operations Thread 28" [_thread_blocked, id=12600, stack(0x0000007468800000,0x0000007468900000)]
  0x0000017dc3fb27a0 JavaThread "Unconstrained build operations Thread 29" [_thread_blocked, id=22256, stack(0x0000007468900000,0x0000007468a00000)]
  0x0000017dc3fb0e50 JavaThread "Unconstrained build operations Thread 30" [_thread_blocked, id=13752, stack(0x0000007468a00000,0x0000007468b00000)]
  0x0000017dc3fb2290 JavaThread "Unconstrained build operations Thread 31" [_thread_blocked, id=11924, stack(0x0000007468b00000,0x0000007468c00000)]
  0x0000017dc3fb0430 JavaThread "build event listener" [_thread_blocked, id=1468, stack(0x0000007468400000,0x0000007468500000)]
  0x0000017dc3fb2cb0 JavaThread "Unconstrained build operations Thread 32" [_thread_blocked, id=15184, stack(0x0000007468d00000,0x0000007468e00000)]
  0x0000017dc3fb0940 JavaThread "Unconstrained build operations Thread 33" [_thread_blocked, id=17380, stack(0x0000007468e00000,0x0000007468f00000)]
  0x0000017dc3fb1360 JavaThread "Unconstrained build operations Thread 34" [_thread_blocked, id=11408, stack(0x0000007468f00000,0x0000007469000000)]
  0x0000017dc4d7b4b0 JavaThread "Unconstrained build operations Thread 35" [_thread_blocked, id=18624, stack(0x0000007469000000,0x0000007469100000)]
  0x0000017dc4d7c8f0 JavaThread "Unconstrained build operations Thread 36" [_thread_blocked, id=15540, stack(0x0000007469100000,0x0000007469200000)]
  0x0000017dc4d7d310 JavaThread "Unconstrained build operations Thread 37" [_thread_blocked, id=8596, stack(0x0000007469200000,0x0000007469300000)]
  0x0000017dc4d7dd30 JavaThread "Unconstrained build operations Thread 38" [_thread_blocked, id=24060, stack(0x0000007469300000,0x0000007469400000)]
  0x0000017dc4d7d820 JavaThread "Unconstrained build operations Thread 39" [_thread_blocked, id=4808, stack(0x0000007469400000,0x0000007469500000)]
  0x0000017dc4d7ce00 JavaThread "Unconstrained build operations Thread 40" [_thread_blocked, id=7848, stack(0x0000007469500000,0x0000007469600000)]
  0x0000017dc4d7bed0 JavaThread "Unconstrained build operations Thread 41" [_thread_blocked, id=1816, stack(0x0000007469600000,0x0000007469700000)]
  0x0000017dc4d7a580 JavaThread "Unconstrained build operations Thread 42" [_thread_blocked, id=20156, stack(0x0000007469700000,0x0000007469800000)]
  0x0000017dc4d7e240 JavaThread "Unconstrained build operations Thread 43" [_thread_blocked, id=9896, stack(0x0000007469800000,0x0000007469900000)]
  0x0000017dc4d7b9c0 JavaThread "Unconstrained build operations Thread 44" [_thread_blocked, id=1744, stack(0x0000007469900000,0x0000007469a00000)]
  0x0000017dc4d7aa90 JavaThread "Unconstrained build operations Thread 45" [_thread_blocked, id=17852, stack(0x0000007469a00000,0x0000007469b00000)]
  0x0000017dc4d7e750 JavaThread "Unconstrained build operations Thread 46" [_thread_blocked, id=11112, stack(0x0000007469b00000,0x0000007469c00000)]
  0x0000017dc4d7c3e0 JavaThread "Unconstrained build operations Thread 47" [_thread_blocked, id=20252, stack(0x0000007469c00000,0x0000007469d00000)]
  0x0000017dc4d7afa0 JavaThread "Unconstrained build operations Thread 48" [_thread_blocked, id=9112, stack(0x0000007469d00000,0x0000007469e00000)]
  0x0000017dc4d7ec60 JavaThread "Unconstrained build operations Thread 49" [_thread_blocked, id=7648, stack(0x0000007469e00000,0x0000007469f00000)]
  0x0000017dc4d80ac0 JavaThread "Unconstrained build operations Thread 50" [_thread_blocked, id=10288, stack(0x0000007469f00000,0x000000746a000000)]
  0x0000017dc4d805b0 JavaThread "Unconstrained build operations Thread 51" [_thread_blocked, id=24448, stack(0x000000746a000000,0x000000746a100000)]
  0x0000017dc4d7f170 JavaThread "Unconstrained build operations Thread 52" [_thread_blocked, id=21736, stack(0x000000746a100000,0x000000746a200000)]
  0x0000017dc4d81f00 JavaThread "ForkJoinPool.commonPool-worker-1" daemon [_thread_blocked, id=5516, stack(0x000000746a200000,0x000000746a300000)]
  0x0000017dc4d800a0 JavaThread "ForkJoinPool.commonPool-worker-3" daemon [_thread_blocked, id=9744, stack(0x000000746a400000,0x000000746a500000)]
  0x0000017dc4d814e0 JavaThread "ForkJoinPool.commonPool-worker-4" daemon [_thread_blocked, id=20124, stack(0x000000746a500000,0x000000746a600000)]
  0x0000017dc4d819f0 JavaThread "ForkJoinPool.commonPool-worker-5" daemon [_thread_blocked, id=7928, stack(0x000000746a600000,0x000000746a700000)]
  0x0000017dc3a3ca80 JavaThread "ForkJoinPool.commonPool-worker-7" daemon [_thread_blocked, id=10448, stack(0x000000746a800000,0x000000746a900000)]
  0x0000017dc3a3d4a0 JavaThread "included builds Thread 2" [_thread_blocked, id=7820, stack(0x000000746aa00000,0x000000746ab00000)]
  0x0000017dc3a3dec0 JavaThread "Execution worker" [_thread_blocked, id=12200, stack(0x000000746ab00000,0x000000746ac00000)]
  0x0000017dc3a3e3d0 JavaThread "Execution worker Thread 2" [_thread_blocked, id=10348, stack(0x000000746ac00000,0x000000746ad00000)]
  0x0000017dc3a3f300 JavaThread "Execution worker Thread 3" [_thread_blocked, id=9948, stack(0x000000746ad00000,0x000000746ae00000)]
  0x0000017dc3a3e8e0 JavaThread "Execution worker Thread 4" [_thread_blocked, id=18780, stack(0x000000746ae00000,0x000000746af00000)]
  0x0000017dc3a3edf0 JavaThread "Execution worker Thread 5" [_thread_blocked, id=21532, stack(0x000000746af00000,0x000000746b000000)]
  0x0000017dc3a3c060 JavaThread "Execution worker Thread 6" [_thread_blocked, id=25592, stack(0x000000746b000000,0x000000746b100000)]
  0x0000017dc4bfbdd0 JavaThread "Execution worker Thread 7" [_thread_blocked, id=11880, stack(0x000000746b100000,0x000000746b200000)]
  0x0000017dc4bfd210 JavaThread "Cache worker for execution history cache (D:\GitDesktop\MHA\node_modules\expo-modules-autolinking\android\expo-gradle-plugin\.gradle\9.3.1\executionHistory)" [_thread_blocked, id=2176, stack(0x000000746b200000,0x000000746b300000)]
  0x0000017dc4bfc2e0 JavaThread "Cache worker for execution history cache (D:\GitDesktop\MHA\node_modules\@react-native\gradle-plugin\.gradle\9.3.1\executionHistory)" [_thread_blocked, id=25772, stack(0x000000746b300000,0x000000746b400000)]
  0x0000017dc4bfc7f0 JavaThread "Unconstrained build operations Thread 53" [_thread_blocked, id=21568, stack(0x000000746b400000,0x000000746b500000)]
  0x0000017dc4bfd720 JavaThread "Unconstrained build operations Thread 54" [_thread_blocked, id=24364, stack(0x000000746b500000,0x000000746b600000)]
  0x0000017dc4bff070 JavaThread "Unconstrained build operations Thread 55" [_thread_blocked, id=14180, stack(0x000000746b600000,0x000000746b700000)]
  0x0000017dc4bfe650 JavaThread "Unconstrained build operations Thread 56" [_thread_blocked, id=8584, stack(0x000000746b700000,0x000000746b800000)]
  0x0000017dc4bfeb60 JavaThread "Unconstrained build operations Thread 57" [_thread_blocked, id=4564, stack(0x000000746b800000,0x000000746b900000)]
  0x0000017dc4bfb8c0 JavaThread "Unconstrained build operations Thread 58" [_thread_blocked, id=13328, stack(0x000000746b900000,0x000000746ba00000)]
  0x0000017dc4bff580 JavaThread "Unconstrained build operations Thread 59" [_thread_blocked, id=8044, stack(0x000000746ba00000,0x000000746bb00000)]
  0x0000017dc4bffa90 JavaThread "Unconstrained build operations Thread 60" [_thread_blocked, id=17656, stack(0x000000746bb00000,0x000000746bc00000)]
  0x0000017dc4bfffa0 JavaThread "Unconstrained build operations Thread 61" [_thread_blocked, id=4848, stack(0x000000746bc00000,0x000000746bd00000)]
  0x0000017dc4c004b0 JavaThread "Unconstrained build operations Thread 62" [_thread_blocked, id=26280, stack(0x000000746bd00000,0x000000746be00000)]
  0x0000017dc4bfcd00 JavaThread "Unconstrained build operations Thread 63" [_thread_blocked, id=23620, stack(0x000000746be00000,0x000000746bf00000)]
  0x0000017dc4c009c0 JavaThread "Unconstrained build operations Thread 64" [_thread_blocked, id=12808, stack(0x000000746bf00000,0x000000746c000000)]
  0x0000017dc4c00ed0 JavaThread "Unconstrained build operations Thread 65" [_thread_blocked, id=15064, stack(0x000000746c000000,0x000000746c100000)]
  0x0000017dc4c013e0 JavaThread "Unconstrained build operations Thread 66" [_thread_blocked, id=22104, stack(0x000000746c100000,0x000000746c200000)]
  0x0000017dc4bfe140 JavaThread "Unconstrained build operations Thread 67" [_thread_blocked, id=8504, stack(0x000000746c200000,0x000000746c300000)]
  0x0000017dc4bfdc30 JavaThread "Unconstrained build operations Thread 68" [_thread_blocked, id=15284, stack(0x000000746c300000,0x000000746c400000)]
  0x0000017dc4c02820 JavaThread "Unconstrained build operations Thread 69" [_thread_blocked, id=20224, stack(0x000000746c400000,0x000000746c500000)]
  0x0000017dc4c018f0 JavaThread "Unconstrained build operations Thread 70" [_thread_blocked, id=18892, stack(0x000000746c500000,0x000000746c600000)]
  0x0000017dc4c01e00 JavaThread "Unconstrained build operations Thread 71" [_thread_blocked, id=21732, stack(0x000000746c600000,0x000000746c700000)]
  0x0000017dc4c02310 JavaThread "Unconstrained build operations Thread 72" [_thread_blocked, id=5376, stack(0x000000746c700000,0x000000746c800000)]
  0x0000017dc4c02d30 JavaThread "Unconstrained build operations Thread 73" [_thread_blocked, id=20632, stack(0x000000746c800000,0x000000746c900000)]
  0x0000017dc4c03240 JavaThread "Unconstrained build operations Thread 74" [_thread_blocked, id=2700, stack(0x000000746c900000,0x000000746ca00000)]
  0x0000017dc2c46ba0 JavaThread "Unconstrained build operations Thread 75" [_thread_blocked, id=4816, stack(0x000000746ca00000,0x000000746cb00000)]
  0x0000017dc2c48f10 JavaThread "Unconstrained build operations Thread 76" [_thread_blocked, id=6572, stack(0x000000746cb00000,0x000000746cc00000)]
  0x0000017dc2c470b0 JavaThread "Unconstrained build operations Thread 77" [_thread_blocked, id=13848, stack(0x000000746cc00000,0x000000746cd00000)]
  0x0000017dc2c475c0 JavaThread "Unconstrained build operations Thread 78" [_thread_blocked, id=15216, stack(0x000000746cd00000,0x000000746ce00000)]
  0x0000017dc2c49420 JavaThread "Unconstrained build operations Thread 79" [_thread_blocked, id=25304, stack(0x000000746ce00000,0x000000746cf00000)]
  0x0000017dc2c484f0 JavaThread "Unconstrained build operations Thread 80" [_thread_blocked, id=9596, stack(0x000000746cf00000,0x000000746d000000)]
  0x0000017dc2c49e40 JavaThread "WorkerExecutor Queue" [_thread_blocked, id=1660, stack(0x0000007468c00000,0x0000007468d00000)]
  0x0000017dc2c46690 JavaThread "RMI Scheduler(0)" daemon [_thread_blocked, id=10724, stack(0x0000007466b00000,0x0000007466c00000)]
  0x0000017dc2c48a00 JavaThread "RMI GC Daemon" daemon [_thread_blocked, id=7476, stack(0x000000746d100000,0x000000746d200000)]
  0x0000017da05833b0 JavaThread "RMI TCP Accept-0" daemon [_thread_in_native, id=12708, stack(0x000000746d300000,0x000000746d400000)]
  0x0000017dc1133490 JavaThread "RMI Reaper" [_thread_blocked, id=2368, stack(0x000000746d400000,0x000000746d500000)]
  0x0000017dc3faf500 JavaThread "RMI TCP Connection(idle)" daemon [_thread_blocked, id=13228, stack(0x000000746d500000,0x000000746d600000)]
  0x0000017dc4c61940 JavaThread "RMI TCP Connection(idle)" daemon [_thread_blocked, id=24368, stack(0x000000746db00000,0x000000746dc00000)]
  0x0000017dc4c63290 JavaThread "jar transforms Thread 2" [_thread_blocked, id=23352, stack(0x000000746d700000,0x000000746d800000)]
  0x0000017dc4c61e50 JavaThread "Cache worker for Build Output Cleanup Cache (D:\GitDesktop\MHA\node_modules\expo-modules-core\expo-module-gradle-plugin\.gradle\buildOutputCleanup)" [_thread_blocked, id=8920, stack(0x0000007463100000,0x0000007463200000)]
  0x0000017dc4c65b10 JavaThread "build event listener" [_thread_blocked, id=22808, stack(0x000000746dc00000,0x000000746dd00000)]
  0x0000017dc4c66530 JavaThread "jar transforms Thread 3" [_thread_blocked, id=22340, stack(0x000000746dd00000,0x000000746de00000)]
  0x0000017dc4c66a40 JavaThread "Cache worker for execution history cache (D:\GitDesktop\MHA\node_modules\expo-modules-core\expo-module-gradle-plugin\.gradle\9.3.1\executionHistory)" [_thread_blocked, id=17228, stack(0x000000746df00000,0x000000746e000000)]
  0x0000017dc4c67970 JavaThread "WorkerExecutor Queue Thread 3" [_thread_in_native, id=15860, stack(0x000000746e000000,0x000000746e100000)]
  0x0000017dc317ac80 JavaThread "jar transforms Thread 4" [_thread_blocked, id=21468, stack(0x000000746da00000,0x000000746db00000)]
  0x0000017dc317d500 JavaThread "jar transforms Thread 5" [_thread_blocked, id=1748, stack(0x000000746e300000,0x000000746e400000)]
  0x0000017dc317cff0 JavaThread "jar transforms Thread 6" [_thread_blocked, id=13244, stack(0x000000746e400000,0x000000746e500000)]
  0x0000017dc317c0c0 JavaThread "build event listener" [_thread_blocked, id=9144, stack(0x000000746e100000,0x000000746e200000)]
  0x0000017dc317bbb0 JavaThread "jar transforms Thread 7" [_thread_blocked, id=12540, stack(0x000000746d800000,0x000000746d900000)]
  0x0000017dc5fe69b0 JavaThread "jar transforms Thread 8" [_thread_blocked, id=3700, stack(0x000000746e500000,0x000000746e600000)]
  0x0000017dc5fe78e0 JavaThread "ForkJoinPool.commonPool-worker-8" daemon [_thread_blocked, id=18760, stack(0x000000746e600000,0x000000746e700000)]
  0x0000017dc5fe5060 JavaThread "Cache worker for execution history cache (D:\GitDesktop\MHA\android\.gradle\9.3.1\executionHistory)" [_thread_blocked, id=17576, stack(0x000000746e800000,0x000000746e900000)]
  0x0000017dc5ec5820 JavaThread "pool-2-thread-1" [_thread_blocked, id=14404, stack(0x000000746e900000,0x000000746ea00000)]
  0x0000017dc5ec7680 JavaThread "stderr" [_thread_in_native, id=4176, stack(0x000000746a300000,0x000000746a400000)]
  0x0000017dc5ec5d30 JavaThread "stdout" [_thread_in_native, id=6904, stack(0x000000746e700000,0x000000746e800000)]
  0x0000017dc5ec3ed0 JavaThread "stderr" [_thread_in_native, id=21104, stack(0x000000746ea00000,0x000000746eb00000)]
  0x0000017dc5ec6240 JavaThread "stdout" [_thread_in_native, id=19888, stack(0x000000746eb00000,0x000000746ec00000)]
  0x0000017dc5ec6c60 JavaThread "stderr" [_thread_in_native, id=24460, stack(0x000000746ee00000,0x000000746ef00000)]
  0x0000017dc5ec7170 JavaThread "stdout" [_thread_in_native, id=12260, stack(0x000000746ef00000,0x000000746f000000)]
  0x0000017dc5ec80a0 JavaThread "WorkerExecutor Queue Thread 4" [_thread_blocked, id=15900, stack(0x000000746f000000,0x000000746f100000)]
  0x0000017dc62dc330 JavaThread "WorkerExecutor Queue Thread 5" [_thread_blocked, id=8676, stack(0x000000746f200000,0x000000746f300000)]
  0x0000017dcc785130 JavaThread "WorkerExecutor Queue Thread 6" [_thread_blocked, id=5152, stack(0x000000746f300000,0x000000746f400000)]
  0x0000017dcd058fc0 JavaThread "WorkerExecutor Queue Thread 7" [_thread_blocked, id=5016, stack(0x000000746f400000,0x000000746f500000)]
  0x0000017dd04fab70 JavaThread "WorkerExecutor Queue Thread 8" [_thread_blocked, id=20004, stack(0x000000746f500000,0x000000746f600000)]
  0x0000017dc5fe6ec0 JavaThread "RMI RenewClean-[127.0.0.1:17657,org.jetbrains.kotlin.daemon.common.LoopbackNetworkInterface$ClientLoopbackSocketFactory@13089683]" daemon [_thread_blocked, id=8664, stack(0x000000746f600000,0x000000746f700000)]
  0x0000017dc5fe8300 JavaThread "RMI TCP Accept-0" daemon [_thread_in_native, id=6388, stack(0x000000746f700000,0x000000746f800000)]
  0x0000017dcc4ea6f0 JavaThread "RMI TCP Connection(idle)" daemon [_thread_blocked, id=20760, stack(0x000000746a900000,0x000000746aa00000)]
  0x0000017dcc4ea1e0 JavaThread "Cache worker for Java compile cache (C:\Users\C TECH\.gradle\caches\9.3.1\javaCompile)" [_thread_blocked, id=26388, stack(0x000000746d200000,0x000000746d300000)]
  0x0000017dc62dc840 JavaThread "Build operations" [_thread_blocked, id=11728, stack(0x000000746ed00000,0x000000746ee00000)]
  0x0000017dc62dcd50 JavaThread "Build operations Thread 2" [_thread_blocked, id=13104, stack(0x000000746f800000,0x000000746f900000)]
  0x0000017dc62dd260 JavaThread "Build operations Thread 3" [_thread_blocked, id=17272, stack(0x000000746f900000,0x000000746fa00000)]
  0x0000017dc62dd770 JavaThread "Build operations Thread 4" [_thread_blocked, id=25052, stack(0x000000746fa00000,0x000000746fb00000)]
  0x0000017dc62dbe20 JavaThread "Build operations Thread 5" [_thread_blocked, id=9804, stack(0x000000746fb00000,0x000000746fc00000)]
  0x0000017dc34993d0 JavaThread "Build operations Thread 6" [_thread_blocked, id=18252, stack(0x000000746fc00000,0x000000746fd00000)]
  0x0000017dc34989b0 JavaThread "Build operations Thread 7" [_thread_blocked, id=13128, stack(0x000000746fd00000,0x000000746fe00000)]
  0x0000017dd04fa150 JavaThread "Build operations Thread 8" [_thread_blocked, id=12788, stack(0x000000746de00000,0x000000746df00000)]
  0x0000017dcd058ab0 JavaThread "WorkerExecutor Queue Thread 9" [_thread_blocked, id=18576, stack(0x000000746fe00000,0x000000746ff00000)]
  0x0000017dc3dc69a0 JavaThread "C2 CompilerThread1" daemon [_thread_blocked, id=19672, stack(0x000000746a700000,0x000000746a800000)]
  0x0000017dc76515b0 JavaThread "C2 CompilerThread2" daemon [_thread_blocked, id=15872, stack(0x000000746d900000,0x000000746da00000)]

Other Threads:
=>0x0000017da03170f0 VMThread "VM Thread" [stack: 0x0000007463a00000,0x0000007463b00000] [id=13716]
  0x0000017d803bad70 WatcherThread [stack: 0x0000007464600000,0x0000007464700000] [id=18552]
  0x0000017d803931a0 GCTaskThread "GC Thread#0" [stack: 0x0000007463500000,0x0000007463600000] [id=18032]
  0x0000017da0736930 GCTaskThread "GC Thread#1" [stack: 0x0000007464900000,0x0000007464a00000] [id=17824]
  0x0000017da06ebd60 GCTaskThread "GC Thread#2" [stack: 0x0000007464a00000,0x0000007464b00000] [id=18360]
  0x0000017da06ec020 GCTaskThread "GC Thread#3" [stack: 0x0000007464b00000,0x0000007464c00000] [id=9668]
  0x0000017da0859830 GCTaskThread "GC Thread#4" [stack: 0x0000007464c00000,0x0000007464d00000] [id=7280]
  0x0000017da0859af0 GCTaskThread "GC Thread#5" [stack: 0x0000007464d00000,0x0000007464e00000] [id=22680]
  0x0000017dc01aa450 GCTaskThread "GC Thread#6" [stack: 0x0000007465800000,0x0000007465900000] [id=26492]
  0x0000017dc01aa710 GCTaskThread "GC Thread#7" [stack: 0x0000007465900000,0x0000007465a00000] [id=10404]
  0x0000017d803a4000 ConcurrentGCThread "G1 Main Marker" [stack: 0x0000007463600000,0x0000007463700000] [id=18564]
  0x0000017d803a55f0 ConcurrentGCThread "G1 Conc#0" [stack: 0x0000007463700000,0x0000007463800000] [id=17492]
  0x0000017dc01aa190 ConcurrentGCThread "G1 Conc#1" [stack: 0x0000007465d00000,0x0000007465e00000] [id=5528]
  0x0000017d803fdfe0 ConcurrentGCThread "G1 Refine#0" [stack: 0x0000007463800000,0x0000007463900000] [id=26448]
  0x0000017dc0544710 ConcurrentGCThread "G1 Refine#1" [stack: 0x0000007464e00000,0x0000007464f00000] [id=8316]
  0x0000017d803fe7c0 ConcurrentGCThread "G1 Service" [stack: 0x0000007463900000,0x0000007463a00000] [id=23296]

Threads with active compile tasks:
C2 CompilerThread0   206837 37354 %     4       com.android.tools.r8.internal.ao::b @ 405 (3604 bytes)
C2 CompilerThread1   206838 37351       4       java.util.IdentityHashMap$EntrySpliterator::forEachRemaining (134 bytes)
C2 CompilerThread2   206838 37502       4       com.android.tools.r8.internal.BB::a (85 bytes)

VM state: at safepoint (normal execution)

VM Mutex/Monitor currently owned by a thread:  ([mutex/lock_event])
[0x0000017dffe7c620] Threads_lock - owner thread: 0x0000017da03170f0
[0x0000017d803349a0] Heap_lock - owner thread: 0x0000017dc3fab840

Heap address: 0x0000000080000000, size: 2048 MB, Compressed Oops mode: 32-bit

CDS archive(s) mapped at: [0x0000017da1000000-0x0000017da1bd0000-0x0000017da1bd0000), size 12386304, SharedBaseAddress: 0x0000017da1000000, ArchiveRelocationMode: 1.
Compressed class space mapped at: 0x0000017da2000000-0x0000017dbc000000, reserved size: 436207616
Narrow klass base: 0x0000017da1000000, Narrow klass shift: 0, Narrow klass range: 0x100000000

GC Precious Log:
 CPUs: 8 total, 8 available
 Memory: 16187M
 Large Page Support: Disabled
 NUMA Support: Disabled
 Compressed Oops: Enabled (32-bit)
 Heap Region Size: 1M
 Heap Min Capacity: 8M
 Heap Initial Capacity: 254M
 Heap Max Capacity: 2G
 Pre-touch: Disabled
 Parallel Workers: 8
 Concurrent Workers: 2
 Concurrent Refinement Workers: 8
 Periodic GC: Disabled

Heap:
 garbage-first heap   total 782336K, used 456090K [0x0000000080000000, 0x0000000100000000)
  region size 1024K, 11 young (11264K), 11 survivors (11264K)
 Metaspace       used 180618K, committed 182976K, reserved 622592K
  class space    used 23982K, committed 25088K, reserved 425984K

Heap Regions: E=young(eden), S=young(survivor), O=old, HS=humongous(starts), HC=humongous(continues), CS=collection set, F=free, OA=open archive, CA=closed archive, TAMS=top-at-mark-start (previous, next)
|   0|0x0000000080000000, 0x0000000080100000, 0x0000000080100000|100%|HS|  |TAMS 0x0000000080100000, 0x0000000080000000| Complete 
|   1|0x0000000080100000, 0x0000000080200000, 0x0000000080200000|100%|HC|  |TAMS 0x0000000080200000, 0x0000000080100000| Complete 
|   2|0x0000000080200000, 0x0000000080300000, 0x0000000080300000|100%|HC|  |TAMS 0x0000000080300000, 0x0000000080200000| Complete 
|   3|0x0000000080300000, 0x0000000080400000, 0x0000000080400000|100%|HC|  |TAMS 0x0000000080400000, 0x0000000080300000| Complete 
|   4|0x0000000080400000, 0x0000000080500000, 0x0000000080500000|100%| O|  |TAMS 0x0000000080500000, 0x0000000080400000| Untracked 
|   5|0x0000000080500000, 0x0000000080600000, 0x0000000080600000|100%| O|  |TAMS 0x0000000080600000, 0x0000000080500000| Untracked 
|   6|0x0000000080600000, 0x0000000080700000, 0x0000000080700000|100%| O|  |TAMS 0x0000000080700000, 0x0000000080600000| Untracked 
|   7|0x0000000080700000, 0x0000000080800000, 0x0000000080800000|100%|HS|  |TAMS 0x0000000080800000, 0x0000000080700000| Complete 
|   8|0x0000000080800000, 0x0000000080900000, 0x0000000080900000|100%| O|  |TAMS 0x0000000080900000, 0x0000000080800000| Untracked 
|   9|0x0000000080900000, 0x0000000080a00000, 0x0000000080a00000|100%| O|  |TAMS 0x0000000080a00000, 0x0000000080900000| Untracked 
|  10|0x0000000080a00000, 0x0000000080b00000, 0x0000000080b00000|100%| O|  |TAMS 0x0000000080b00000, 0x0000000080a00000| Untracked 
|  11|0x0000000080b00000, 0x0000000080c00000, 0x0000000080c00000|100%| O|  |TAMS 0x0000000080c00000, 0x0000000080b00000| Untracked 
|  12|0x0000000080c00000, 0x0000000080d00000, 0x0000000080d00000|100%| O|  |TAMS 0x0000000080d00000, 0x0000000080c00000| Untracked 
|  13|0x0000000080d00000, 0x0000000080e00000, 0x0000000080e00000|100%| O|  |TAMS 0x0000000080e00000, 0x0000000080d00000| Untracked 
|  14|0x0000000080e00000, 0x0000000080f00000, 0x0000000080f00000|100%| O|  |TAMS 0x0000000080f00000, 0x0000000080e00000| Untracked 
|  15|0x0000000080f00000, 0x0000000081000000, 0x0000000081000000|100%| O|  |TAMS 0x0000000081000000, 0x0000000080f00000| Untracked 
|  16|0x0000000081000000, 0x0000000081100000, 0x0000000081100000|100%| O|  |TAMS 0x0000000081100000, 0x0000000081000000| Untracked 
|  17|0x0000000081100000, 0x0000000081200000, 0x0000000081200000|100%| O|  |TAMS 0x0000000081200000, 0x0000000081100000| Untracked 
|  18|0x0000000081200000, 0x0000000081300000, 0x0000000081300000|100%| O|  |TAMS 0x0000000081300000, 0x0000000081200000| Untracked 
|  19|0x0000000081300000, 0x0000000081400000, 0x0000000081400000|100%| O|  |TAMS 0x0000000081400000, 0x0000000081300000| Untracked 
|  20|0x0000000081400000, 0x0000000081500000, 0x0000000081500000|100%| O|  |TAMS 0x0000000081500000, 0x0000000081400000| Untracked 
|  21|0x0000000081500000, 0x0000000081600000, 0x0000000081600000|100%| O|  |TAMS 0x0000000081600000, 0x0000000081500000| Untracked 
|  22|0x0000000081600000, 0x0000000081700000, 0x0000000081700000|100%| O|  |TAMS 0x0000000081700000, 0x0000000081600000| Untracked 
|  23|0x0000000081700000, 0x0000000081800000, 0x0000000081800000|100%| O|  |TAMS 0x0000000081800000, 0x0000000081700000| Untracked 
|  24|0x0000000081800000, 0x0000000081900000, 0x0000000081900000|100%| O|  |TAMS 0x0000000081900000, 0x0000000081800000| Untracked 
|  25|0x0000000081900000, 0x0000000081a00000, 0x0000000081a00000|100%| O|  |TAMS 0x0000000081a00000, 0x0000000081900000| Untracked 
|  26|0x0000000081a00000, 0x0000000081b00000, 0x0000000081b00000|100%| O|  |TAMS 0x0000000081b00000, 0x0000000081a00000| Untracked 
|  27|0x0000000081b00000, 0x0000000081c00000, 0x0000000081c00000|100%| O|  |TAMS 0x0000000081c00000, 0x0000000081b00000| Untracked 
|  28|0x0000000081c00000, 0x0000000081d00000, 0x0000000081d00000|100%| O|  |TAMS 0x0000000081d00000, 0x0000000081c00000| Untracked 
|  29|0x0000000081d00000, 0x0000000081e00000, 0x0000000081e00000|100%| O|  |TAMS 0x0000000081e00000, 0x0000000081d00000| Untracked 
|  30|0x0000000081e00000, 0x0000000081f00000, 0x0000000081f00000|100%| O|  |TAMS 0x0000000081f00000, 0x0000000081e00000| Untracked 
|  31|0x0000000081f00000, 0x0000000082000000, 0x0000000082000000|100%| O|  |TAMS 0x0000000082000000, 0x0000000081f00000| Untracked 
|  32|0x0000000082000000, 0x0000000082100000, 0x0000000082100000|100%|HS|  |TAMS 0x0000000082100000, 0x0000000082000000| Complete 
|  33|0x0000000082100000, 0x0000000082200000, 0x0000000082200000|100%|HC|  |TAMS 0x0000000082200000, 0x0000000082100000| Complete 
|  34|0x0000000082200000, 0x0000000082300000, 0x0000000082300000|100%|HC|  |TAMS 0x0000000082300000, 0x0000000082200000| Complete 
|  35|0x0000000082300000, 0x0000000082400000, 0x0000000082400000|100%|HS|  |TAMS 0x0000000082400000, 0x0000000082300000| Complete 
|  36|0x0000000082400000, 0x0000000082500000, 0x0000000082500000|100%|HC|  |TAMS 0x0000000082500000, 0x0000000082400000| Complete 
|  37|0x0000000082500000, 0x0000000082600000, 0x0000000082600000|100%|HC|  |TAMS 0x0000000082600000, 0x0000000082500000| Complete 
|  38|0x0000000082600000, 0x0000000082700000, 0x0000000082700000|100%| O|  |TAMS 0x0000000082700000, 0x0000000082600000| Untracked 
|  39|0x0000000082700000, 0x0000000082800000, 0x0000000082800000|100%| O|  |TAMS 0x0000000082800000, 0x0000000082700000| Untracked 
|  40|0x0000000082800000, 0x0000000082900000, 0x0000000082900000|100%| O|  |TAMS 0x0000000082900000, 0x0000000082800000| Untracked 
|  41|0x0000000082900000, 0x0000000082a00000, 0x0000000082a00000|100%| O|  |TAMS 0x0000000082a00000, 0x0000000082900000| Untracked 
|  42|0x0000000082a00000, 0x0000000082b00000, 0x0000000082b00000|100%| O|  |TAMS 0x0000000082b00000, 0x0000000082a00000| Untracked 
|  43|0x0000000082b00000, 0x0000000082c00000, 0x0000000082c00000|100%| O|  |TAMS 0x0000000082c00000, 0x0000000082b00000| Untracked 
|  44|0x0000000082c00000, 0x0000000082d00000, 0x0000000082d00000|100%| O|  |TAMS 0x0000000082d00000, 0x0000000082c00000| Untracked 
|  45|0x0000000082d00000, 0x0000000082e00000, 0x0000000082e00000|100%| O|  |TAMS 0x0000000082e00000, 0x0000000082d00000| Untracked 
|  46|0x0000000082e00000, 0x0000000082f00000, 0x0000000082f00000|100%| O|  |TAMS 0x0000000082f00000, 0x0000000082e00000| Untracked 
|  47|0x0000000082f00000, 0x0000000083000000, 0x0000000083000000|100%| O|  |TAMS 0x0000000083000000, 0x0000000082f00000| Untracked 
|  48|0x0000000083000000, 0x0000000083100000, 0x0000000083100000|100%| O|  |TAMS 0x0000000083100000, 0x0000000083000000| Untracked 
|  49|0x0000000083100000, 0x0000000083200000, 0x0000000083200000|100%| O|  |TAMS 0x0000000083200000, 0x0000000083100000| Untracked 
|  50|0x0000000083200000, 0x0000000083300000, 0x0000000083300000|100%| O|  |TAMS 0x0000000083300000, 0x0000000083200000| Untracked 
|  51|0x0000000083300000, 0x0000000083400000, 0x0000000083400000|100%| O|  |TAMS 0x0000000083400000, 0x0000000083300000| Untracked 
|  52|0x0000000083400000, 0x0000000083500000, 0x0000000083500000|100%| O|  |TAMS 0x0000000083500000, 0x0000000083400000| Untracked 
|  53|0x0000000083500000, 0x0000000083600000, 0x0000000083600000|100%| O|  |TAMS 0x0000000083600000, 0x0000000083500000| Untracked 
|  54|0x0000000083600000, 0x0000000083700000, 0x0000000083700000|100%| O|  |TAMS 0x0000000083700000, 0x0000000083600000| Untracked 
|  55|0x0000000083700000, 0x0000000083800000, 0x0000000083800000|100%| O|  |TAMS 0x0000000083800000, 0x0000000083700000| Untracked 
|  56|0x0000000083800000, 0x0000000083900000, 0x0000000083900000|100%| O|  |TAMS 0x0000000083900000, 0x0000000083800000| Untracked 
|  57|0x0000000083900000, 0x0000000083a00000, 0x0000000083a00000|100%| O|  |TAMS 0x0000000083a00000, 0x0000000083900000| Untracked 
|  58|0x0000000083a00000, 0x0000000083b00000, 0x0000000083b00000|100%| O|  |TAMS 0x0000000083b00000, 0x0000000083a00000| Untracked 
|  59|0x0000000083b00000, 0x0000000083c00000, 0x0000000083c00000|100%| O|  |TAMS 0x0000000083c00000, 0x0000000083b00000| Untracked 
|  60|0x0000000083c00000, 0x0000000083d00000, 0x0000000083d00000|100%| O|  |TAMS 0x0000000083d00000, 0x0000000083c00000| Untracked 
|  61|0x0000000083d00000, 0x0000000083e00000, 0x0000000083e00000|100%| O|  |TAMS 0x0000000083e00000, 0x0000000083d00000| Untracked 
|  62|0x0000000083e00000, 0x0000000083f00000, 0x0000000083f00000|100%| O|  |TAMS 0x0000000083f00000, 0x0000000083e00000| Untracked 
|  63|0x0000000083f00000, 0x0000000084000000, 0x0000000084000000|100%| O|  |TAMS 0x0000000084000000, 0x0000000083f00000| Untracked 
|  64|0x0000000084000000, 0x0000000084100000, 0x0000000084100000|100%| O|  |TAMS 0x0000000084100000, 0x0000000084000000| Untracked 
|  65|0x0000000084100000, 0x0000000084200000, 0x0000000084200000|100%| O|  |TAMS 0x0000000084200000, 0x0000000084100000| Untracked 
|  66|0x0000000084200000, 0x0000000084300000, 0x0000000084300000|100%| O|  |TAMS 0x0000000084300000, 0x0000000084200000| Untracked 
|  67|0x0000000084300000, 0x0000000084400000, 0x0000000084400000|100%| O|  |TAMS 0x0000000084400000, 0x0000000084300000| Untracked 
|  68|0x0000000084400000, 0x0000000084500000, 0x0000000084500000|100%| O|  |TAMS 0x0000000084500000, 0x0000000084400000| Untracked 
|  69|0x0000000084500000, 0x0000000084600000, 0x0000000084600000|100%| O|  |TAMS 0x0000000084600000, 0x0000000084500000| Untracked 
|  70|0x0000000084600000, 0x0000000084700000, 0x0000000084700000|100%| O|  |TAMS 0x0000000084700000, 0x0000000084600000| Untracked 
|  71|0x0000000084700000, 0x0000000084800000, 0x0000000084800000|100%| O|  |TAMS 0x0000000084800000, 0x0000000084700000| Untracked 
|  72|0x0000000084800000, 0x0000000084900000, 0x0000000084900000|100%| O|  |TAMS 0x0000000084900000, 0x0000000084800000| Untracked 
|  73|0x0000000084900000, 0x0000000084a00000, 0x0000000084a00000|100%| O|  |TAMS 0x0000000084a00000, 0x0000000084900000| Untracked 
|  74|0x0000000084a00000, 0x0000000084b00000, 0x0000000084b00000|100%| O|  |TAMS 0x0000000084b00000, 0x0000000084a00000| Untracked 
|  75|0x0000000084b00000, 0x0000000084c00000, 0x0000000084c00000|100%| O|  |TAMS 0x0000000084c00000, 0x0000000084b00000| Untracked 
|  76|0x0000000084c00000, 0x0000000084d00000, 0x0000000084d00000|100%| O|  |TAMS 0x0000000084d00000, 0x0000000084c00000| Untracked 
|  77|0x0000000084d00000, 0x0000000084e00000, 0x0000000084e00000|100%| O|  |TAMS 0x0000000084e00000, 0x0000000084d00000| Untracked 
|  78|0x0000000084e00000, 0x0000000084f00000, 0x0000000084f00000|100%| O|  |TAMS 0x0000000084f00000, 0x0000000084e00000| Untracked 
|  79|0x0000000084f00000, 0x0000000085000000, 0x0000000085000000|100%| O|  |TAMS 0x0000000085000000, 0x0000000084f00000| Untracked 
|  80|0x0000000085000000, 0x0000000085100000, 0x0000000085100000|100%| O|  |TAMS 0x0000000085100000, 0x0000000085000000| Untracked 
|  81|0x0000000085100000, 0x0000000085200000, 0x0000000085200000|100%| O|  |TAMS 0x0000000085200000, 0x0000000085100000| Untracked 
|  82|0x0000000085200000, 0x0000000085300000, 0x0000000085300000|100%| O|  |TAMS 0x0000000085300000, 0x0000000085200000| Untracked 
|  83|0x0000000085300000, 0x0000000085400000, 0x0000000085400000|100%| O|  |TAMS 0x0000000085400000, 0x0000000085300000| Untracked 
|  84|0x0000000085400000, 0x0000000085500000, 0x0000000085500000|100%| O|  |TAMS 0x0000000085500000, 0x0000000085400000| Untracked 
|  85|0x0000000085500000, 0x0000000085600000, 0x0000000085600000|100%| O|  |TAMS 0x0000000085600000, 0x0000000085500000| Untracked 
|  86|0x0000000085600000, 0x0000000085700000, 0x0000000085700000|100%| O|  |TAMS 0x0000000085700000, 0x0000000085600000| Untracked 
|  87|0x0000000085700000, 0x0000000085800000, 0x0000000085800000|100%|HS|  |TAMS 0x0000000085800000, 0x0000000085700000| Complete 
|  88|0x0000000085800000, 0x0000000085900000, 0x0000000085900000|100%| O|  |TAMS 0x0000000085900000, 0x0000000085800000| Untracked 
|  89|0x0000000085900000, 0x0000000085a00000, 0x0000000085a00000|100%| O|  |TAMS 0x0000000085a00000, 0x0000000085900000| Untracked 
|  90|0x0000000085a00000, 0x0000000085b00000, 0x0000000085b00000|100%|HS|  |TAMS 0x0000000085b00000, 0x0000000085a00000| Complete 
|  91|0x0000000085b00000, 0x0000000085c00000, 0x0000000085c00000|100%|HS|  |TAMS 0x0000000085c00000, 0x0000000085b00000| Complete 
|  92|0x0000000085c00000, 0x0000000085d00000, 0x0000000085d00000|100%|HS|  |TAMS 0x0000000085d00000, 0x0000000085c00000| Complete 
|  93|0x0000000085d00000, 0x0000000085e00000, 0x0000000085e00000|100%| O|  |TAMS 0x0000000085e00000, 0x0000000085d00000| Untracked 
|  94|0x0000000085e00000, 0x0000000085f00000, 0x0000000085f00000|100%|HS|  |TAMS 0x0000000085f00000, 0x0000000085e00000| Complete 
|  95|0x0000000085f00000, 0x0000000086000000, 0x0000000086000000|100%|HS|  |TAMS 0x0000000086000000, 0x0000000085f00000| Complete 
|  96|0x0000000086000000, 0x0000000086100000, 0x0000000086100000|100%| O|  |TAMS 0x0000000086100000, 0x0000000086000000| Untracked 
|  97|0x0000000086100000, 0x0000000086200000, 0x0000000086200000|100%| O|  |TAMS 0x0000000086200000, 0x0000000086100000| Untracked 
|  98|0x0000000086200000, 0x0000000086300000, 0x0000000086300000|100%| O|  |TAMS 0x0000000086300000, 0x0000000086200000| Untracked 
|  99|0x0000000086300000, 0x0000000086400000, 0x0000000086400000|100%| O|  |TAMS 0x0000000086400000, 0x0000000086300000| Untracked 
| 100|0x0000000086400000, 0x0000000086500000, 0x0000000086500000|100%| O|  |TAMS 0x0000000086500000, 0x0000000086400000| Untracked 
| 101|0x0000000086500000, 0x0000000086600000, 0x0000000086600000|100%| O|  |TAMS 0x0000000086600000, 0x0000000086500000| Untracked 
| 102|0x0000000086600000, 0x0000000086700000, 0x0000000086700000|100%| O|  |TAMS 0x0000000086700000, 0x0000000086600000| Untracked 
| 103|0x0000000086700000, 0x0000000086800000, 0x0000000086800000|100%| O|  |TAMS 0x0000000086800000, 0x0000000086700000| Untracked 
| 104|0x0000000086800000, 0x0000000086900000, 0x0000000086900000|100%| O|  |TAMS 0x0000000086900000, 0x0000000086800000| Untracked 
| 105|0x0000000086900000, 0x0000000086a00000, 0x0000000086a00000|100%| O|  |TAMS 0x0000000086a00000, 0x0000000086900000| Untracked 
| 106|0x0000000086a00000, 0x0000000086b00000, 0x0000000086b00000|100%| O|  |TAMS 0x0000000086b00000, 0x0000000086a00000| Untracked 
| 107|0x0000000086b00000, 0x0000000086c00000, 0x0000000086c00000|100%| O|  |TAMS 0x0000000086c00000, 0x0000000086b00000| Untracked 
| 108|0x0000000086c00000, 0x0000000086d00000, 0x0000000086d00000|100%| O|  |TAMS 0x0000000086d00000, 0x0000000086c00000| Untracked 
| 109|0x0000000086d00000, 0x0000000086e00000, 0x0000000086e00000|100%| O|  |TAMS 0x0000000086e00000, 0x0000000086d00000| Untracked 
| 110|0x0000000086e00000, 0x0000000086f00000, 0x0000000086f00000|100%| O|  |TAMS 0x0000000086f00000, 0x0000000086e00000| Untracked 
| 111|0x0000000086f00000, 0x0000000087000000, 0x0000000087000000|100%| O|  |TAMS 0x0000000087000000, 0x0000000086f00000| Untracked 
| 112|0x0000000087000000, 0x0000000087100000, 0x0000000087100000|100%|HS|  |TAMS 0x0000000087100000, 0x0000000087000000| Complete 
| 113|0x0000000087100000, 0x0000000087200000, 0x0000000087200000|100%| O|  |TAMS 0x0000000087200000, 0x0000000087100000| Untracked 
| 114|0x0000000087200000, 0x0000000087300000, 0x0000000087300000|100%|HS|  |TAMS 0x0000000087300000, 0x0000000087200000| Complete 
| 115|0x0000000087300000, 0x0000000087400000, 0x0000000087400000|100%|HC|  |TAMS 0x0000000087400000, 0x0000000087300000| Complete 
| 116|0x0000000087400000, 0x0000000087500000, 0x0000000087500000|100%|HC|  |TAMS 0x0000000087500000, 0x0000000087400000| Complete 
| 117|0x0000000087500000, 0x0000000087600000, 0x0000000087600000|100%| O|  |TAMS 0x0000000087600000, 0x0000000087500000| Untracked 
| 118|0x0000000087600000, 0x0000000087700000, 0x0000000087700000|100%| O|  |TAMS 0x0000000087700000, 0x0000000087600000| Untracked 
| 119|0x0000000087700000, 0x0000000087800000, 0x0000000087800000|100%| O|  |TAMS 0x0000000087800000, 0x0000000087700000| Untracked 
| 120|0x0000000087800000, 0x0000000087900000, 0x0000000087900000|100%| O|  |TAMS 0x0000000087900000, 0x0000000087800000| Untracked 
| 121|0x0000000087900000, 0x0000000087a00000, 0x0000000087a00000|100%| O|  |TAMS 0x0000000087a00000, 0x0000000087900000| Untracked 
| 122|0x0000000087a00000, 0x0000000087b00000, 0x0000000087b00000|100%| O|  |TAMS 0x0000000087b00000, 0x0000000087a00000| Untracked 
| 123|0x0000000087b00000, 0x0000000087c00000, 0x0000000087c00000|100%| O|  |TAMS 0x0000000087c00000, 0x0000000087b00000| Untracked 
| 124|0x0000000087c00000, 0x0000000087d00000, 0x0000000087d00000|100%| O|  |TAMS 0x0000000087d00000, 0x0000000087c00000| Untracked 
| 125|0x0000000087d00000, 0x0000000087e00000, 0x0000000087e00000|100%| O|  |TAMS 0x0000000087e00000, 0x0000000087d00000| Untracked 
| 126|0x0000000087e00000, 0x0000000087f00000, 0x0000000087f00000|100%| O|  |TAMS 0x0000000087f00000, 0x0000000087e00000| Untracked 
| 127|0x0000000087f00000, 0x0000000088000000, 0x0000000088000000|100%| O|  |TAMS 0x0000000088000000, 0x0000000087f00000| Untracked 
| 128|0x0000000088000000, 0x0000000088100000, 0x0000000088100000|100%| O|  |TAMS 0x0000000088100000, 0x0000000088000000| Untracked 
| 129|0x0000000088100000, 0x0000000088200000, 0x0000000088200000|100%| O|  |TAMS 0x0000000088200000, 0x0000000088100000| Untracked 
| 130|0x0000000088200000, 0x0000000088300000, 0x0000000088300000|100%| O|  |TAMS 0x0000000088300000, 0x0000000088200000| Untracked 
| 131|0x0000000088300000, 0x0000000088400000, 0x0000000088400000|100%| O|  |TAMS 0x0000000088400000, 0x0000000088300000| Untracked 
| 132|0x0000000088400000, 0x0000000088500000, 0x0000000088500000|100%| O|  |TAMS 0x0000000088500000, 0x0000000088400000| Untracked 
| 133|0x0000000088500000, 0x0000000088600000, 0x0000000088600000|100%| O|  |TAMS 0x0000000088600000, 0x0000000088500000| Untracked 
| 134|0x0000000088600000, 0x0000000088700000, 0x0000000088700000|100%| O|  |TAMS 0x0000000088700000, 0x0000000088600000| Untracked 
| 135|0x0000000088700000, 0x0000000088800000, 0x0000000088800000|100%| O|  |TAMS 0x0000000088800000, 0x0000000088700000| Untracked 
| 136|0x0000000088800000, 0x0000000088900000, 0x0000000088900000|100%| O|  |TAMS 0x0000000088900000, 0x0000000088800000| Untracked 
| 137|0x0000000088900000, 0x0000000088a00000, 0x0000000088a00000|100%| O|  |TAMS 0x0000000088a00000, 0x0000000088900000| Untracked 
| 138|0x0000000088a00000, 0x0000000088b00000, 0x0000000088b00000|100%| O|  |TAMS 0x0000000088b00000, 0x0000000088a00000| Untracked 
| 139|0x0000000088b00000, 0x0000000088c00000, 0x0000000088c00000|100%| O|  |TAMS 0x0000000088c00000, 0x0000000088b00000| Untracked 
| 140|0x0000000088c00000, 0x0000000088d00000, 0x0000000088d00000|100%| O|  |TAMS 0x0000000088d00000, 0x0000000088c00000| Untracked 
| 141|0x0000000088d00000, 0x0000000088e00000, 0x0000000088e00000|100%| O|  |TAMS 0x0000000088e00000, 0x0000000088d00000| Untracked 
| 142|0x0000000088e00000, 0x0000000088f00000, 0x0000000088f00000|100%| O|  |TAMS 0x0000000088e00000, 0x0000000088e00000| Untracked 
| 143|0x0000000088f00000, 0x0000000089000000, 0x0000000089000000|100%| O|  |TAMS 0x0000000089000000, 0x0000000088f00000| Untracked 
| 144|0x0000000089000000, 0x0000000089100000, 0x0000000089100000|100%| O|  |TAMS 0x0000000089100000, 0x0000000089000000| Untracked 
| 145|0x0000000089100000, 0x0000000089200000, 0x0000000089200000|100%| O|  |TAMS 0x0000000089200000, 0x0000000089100000| Untracked 
| 146|0x0000000089200000, 0x0000000089300000, 0x0000000089300000|100%| O|  |TAMS 0x0000000089300000, 0x0000000089200000| Untracked 
| 147|0x0000000089300000, 0x0000000089400000, 0x0000000089400000|100%| O|  |TAMS 0x0000000089400000, 0x0000000089300000| Untracked 
| 148|0x0000000089400000, 0x0000000089500000, 0x0000000089500000|100%| O|  |TAMS 0x0000000089500000, 0x0000000089400000| Untracked 
| 149|0x0000000089500000, 0x0000000089600000, 0x0000000089600000|100%| O|  |TAMS 0x0000000089600000, 0x0000000089500000| Untracked 
| 150|0x0000000089600000, 0x0000000089700000, 0x0000000089700000|100%| O|  |TAMS 0x0000000089600000, 0x0000000089600000| Untracked 
| 151|0x0000000089700000, 0x0000000089800000, 0x0000000089800000|100%| O|  |TAMS 0x0000000089800000, 0x0000000089700000| Untracked 
| 152|0x0000000089800000, 0x0000000089900000, 0x0000000089900000|100%| O|  |TAMS 0x0000000089900000, 0x0000000089800000| Untracked 
| 153|0x0000000089900000, 0x0000000089a00000, 0x0000000089a00000|100%| O|  |TAMS 0x0000000089a00000, 0x0000000089900000| Untracked 
| 154|0x0000000089a00000, 0x0000000089b00000, 0x0000000089b00000|100%| O|  |TAMS 0x0000000089b00000, 0x0000000089a00000| Untracked 
| 155|0x0000000089b00000, 0x0000000089c00000, 0x0000000089c00000|100%| O|  |TAMS 0x0000000089c00000, 0x0000000089b00000| Untracked 
| 156|0x0000000089c00000, 0x0000000089d00000, 0x0000000089d00000|100%| O|  |TAMS 0x0000000089d00000, 0x0000000089c00000| Untracked 
| 157|0x0000000089d00000, 0x0000000089e00000, 0x0000000089e00000|100%| O|  |TAMS 0x0000000089e00000, 0x0000000089d00000| Untracked 
| 158|0x0000000089e00000, 0x0000000089f00000, 0x0000000089f00000|100%| O|  |TAMS 0x0000000089f00000, 0x0000000089e00000| Untracked 
| 159|0x0000000089f00000, 0x000000008a000000, 0x000000008a000000|100%| O|  |TAMS 0x000000008a000000, 0x0000000089f00000| Untracked 
| 160|0x000000008a000000, 0x000000008a100000, 0x000000008a100000|100%| O|  |TAMS 0x000000008a100000, 0x000000008a000000| Untracked 
| 161|0x000000008a100000, 0x000000008a200000, 0x000000008a200000|100%| O|  |TAMS 0x000000008a200000, 0x000000008a100000| Untracked 
| 162|0x000000008a200000, 0x000000008a300000, 0x000000008a300000|100%| O|  |TAMS 0x000000008a200000, 0x000000008a200000| Untracked 
| 163|0x000000008a300000, 0x000000008a400000, 0x000000008a400000|100%|HS|  |TAMS 0x000000008a400000, 0x000000008a300000| Complete 
| 164|0x000000008a400000, 0x000000008a500000, 0x000000008a500000|100%|HS|  |TAMS 0x000000008a500000, 0x000000008a400000| Complete 
| 165|0x000000008a500000, 0x000000008a600000, 0x000000008a600000|100%| O|  |TAMS 0x000000008a600000, 0x000000008a500000| Untracked 
| 166|0x000000008a600000, 0x000000008a700000, 0x000000008a700000|100%|HS|  |TAMS 0x000000008a700000, 0x000000008a600000| Complete 
| 167|0x000000008a700000, 0x000000008a800000, 0x000000008a800000|100%|HC|  |TAMS 0x000000008a800000, 0x000000008a700000| Complete 
| 168|0x000000008a800000, 0x000000008a900000, 0x000000008a900000|100%| O|  |TAMS 0x000000008a900000, 0x000000008a800000| Untracked 
| 169|0x000000008a900000, 0x000000008aa00000, 0x000000008aa00000|100%| O|  |TAMS 0x000000008aa00000, 0x000000008a900000| Untracked 
| 170|0x000000008aa00000, 0x000000008ab00000, 0x000000008ab00000|100%| O|  |TAMS 0x000000008ab00000, 0x000000008aa00000| Untracked 
| 171|0x000000008ab00000, 0x000000008ac00000, 0x000000008ac00000|100%| O|  |TAMS 0x000000008ac00000, 0x000000008ab00000| Untracked 
| 172|0x000000008ac00000, 0x000000008ad00000, 0x000000008ad00000|100%| O|  |TAMS 0x000000008ad00000, 0x000000008ac00000| Untracked 
| 173|0x000000008ad00000, 0x000000008ae00000, 0x000000008ae00000|100%| O|  |TAMS 0x000000008ae00000, 0x000000008ad00000| Untracked 
| 174|0x000000008ae00000, 0x000000008af00000, 0x000000008af00000|100%| O|  |TAMS 0x000000008af00000, 0x000000008ae00000| Untracked 
| 175|0x000000008af00000, 0x000000008b000000, 0x000000008b000000|100%| O|  |TAMS 0x000000008b000000, 0x000000008af00000| Untracked 
| 176|0x000000008b000000, 0x000000008b100000, 0x000000008b100000|100%| O|  |TAMS 0x000000008b100000, 0x000000008b000000| Untracked 
| 177|0x000000008b100000, 0x000000008b200000, 0x000000008b200000|100%| O|  |TAMS 0x000000008b200000, 0x000000008b100000| Untracked 
| 178|0x000000008b200000, 0x000000008b300000, 0x000000008b300000|100%| O|  |TAMS 0x000000008b300000, 0x000000008b200000| Untracked 
| 179|0x000000008b300000, 0x000000008b400000, 0x000000008b400000|100%| O|  |TAMS 0x000000008b400000, 0x000000008b300000| Untracked 
| 180|0x000000008b400000, 0x000000008b500000, 0x000000008b500000|100%| O|  |TAMS 0x000000008b500000, 0x000000008b400000| Untracked 
| 181|0x000000008b500000, 0x000000008b600000, 0x000000008b600000|100%| O|  |TAMS 0x000000008b600000, 0x000000008b500000| Untracked 
| 182|0x000000008b600000, 0x000000008b700000, 0x000000008b700000|100%| O|  |TAMS 0x000000008b700000, 0x000000008b600000| Untracked 
| 183|0x000000008b700000, 0x000000008b800000, 0x000000008b800000|100%| O|  |TAMS 0x000000008b800000, 0x000000008b700000| Untracked 
| 184|0x000000008b800000, 0x000000008b900000, 0x000000008b900000|100%| O|  |TAMS 0x000000008b900000, 0x000000008b800000| Untracked 
| 185|0x000000008b900000, 0x000000008ba00000, 0x000000008ba00000|100%|HS|  |TAMS 0x000000008ba00000, 0x000000008b900000| Complete 
| 186|0x000000008ba00000, 0x000000008bb00000, 0x000000008bb00000|100%|HS|  |TAMS 0x000000008bb00000, 0x000000008ba00000| Complete 
| 187|0x000000008bb00000, 0x000000008bc00000, 0x000000008bc00000|100%| O|  |TAMS 0x000000008bc00000, 0x000000008bb00000| Untracked 
| 188|0x000000008bc00000, 0x000000008bd00000, 0x000000008bd00000|100%| O|  |TAMS 0x000000008bd00000, 0x000000008bc00000| Untracked 
| 189|0x000000008bd00000, 0x000000008be00000, 0x000000008be00000|100%| O|  |TAMS 0x000000008be00000, 0x000000008bd00000| Untracked 
| 190|0x000000008be00000, 0x000000008bf00000, 0x000000008bf00000|100%| O|  |TAMS 0x000000008bf00000, 0x000000008be00000| Untracked 
| 191|0x000000008bf00000, 0x000000008c000000, 0x000000008c000000|100%| O|  |TAMS 0x000000008c000000, 0x000000008bf00000| Untracked 
| 192|0x000000008c000000, 0x000000008c100000, 0x000000008c100000|100%| O|  |TAMS 0x000000008c100000, 0x000000008c000000| Untracked 
| 193|0x000000008c100000, 0x000000008c200000, 0x000000008c200000|100%| O|  |TAMS 0x000000008c200000, 0x000000008c100000| Untracked 
| 194|0x000000008c200000, 0x000000008c300000, 0x000000008c300000|100%| O|  |TAMS 0x000000008c300000, 0x000000008c200000| Untracked 
| 195|0x000000008c300000, 0x000000008c400000, 0x000000008c400000|100%| O|  |TAMS 0x000000008c400000, 0x000000008c300000| Untracked 
| 196|0x000000008c400000, 0x000000008c500000, 0x000000008c500000|100%| O|  |TAMS 0x000000008c500000, 0x000000008c400000| Untracked 
| 197|0x000000008c500000, 0x000000008c600000, 0x000000008c600000|100%| O|  |TAMS 0x000000008c600000, 0x000000008c500000| Untracked 
| 198|0x000000008c600000, 0x000000008c700000, 0x000000008c700000|100%| O|  |TAMS 0x000000008c700000, 0x000000008c600000| Untracked 
| 199|0x000000008c700000, 0x000000008c800000, 0x000000008c800000|100%| O|  |TAMS 0x000000008c800000, 0x000000008c700000| Untracked 
| 200|0x000000008c800000, 0x000000008c900000, 0x000000008c900000|100%| O|  |TAMS 0x000000008c900000, 0x000000008c800000| Untracked 
| 201|0x000000008c900000, 0x000000008ca00000, 0x000000008ca00000|100%| O|  |TAMS 0x000000008ca00000, 0x000000008c900000| Untracked 
| 202|0x000000008ca00000, 0x000000008cb00000, 0x000000008cb00000|100%| O|  |TAMS 0x000000008cb00000, 0x000000008ca00000| Untracked 
| 203|0x000000008cb00000, 0x000000008cc00000, 0x000000008cc00000|100%| O|  |TAMS 0x000000008cc00000, 0x000000008cb00000| Untracked 
| 204|0x000000008cc00000, 0x000000008cd00000, 0x000000008cd00000|100%| O|  |TAMS 0x000000008cd00000, 0x000000008cc00000| Untracked 
| 205|0x000000008cd00000, 0x000000008ce00000, 0x000000008ce00000|100%| O|  |TAMS 0x000000008ce00000, 0x000000008cd00000| Untracked 
| 206|0x000000008ce00000, 0x000000008cf00000, 0x000000008cf00000|100%| O|  |TAMS 0x000000008cf00000, 0x000000008ce00000| Untracked 
| 207|0x000000008cf00000, 0x000000008d000000, 0x000000008d000000|100%| O|  |TAMS 0x000000008d000000, 0x000000008cf00000| Untracked 
| 208|0x000000008d000000, 0x000000008d100000, 0x000000008d100000|100%| O|  |TAMS 0x000000008d100000, 0x000000008d000000| Untracked 
| 209|0x000000008d100000, 0x000000008d200000, 0x000000008d200000|100%| O|  |TAMS 0x000000008d200000, 0x000000008d100000| Untracked 
| 210|0x000000008d200000, 0x000000008d300000, 0x000000008d300000|100%| O|  |TAMS 0x000000008d300000, 0x000000008d200000| Untracked 
| 211|0x000000008d300000, 0x000000008d400000, 0x000000008d400000|100%| O|  |TAMS 0x000000008d400000, 0x000000008d300000| Untracked 
| 212|0x000000008d400000, 0x000000008d500000, 0x000000008d500000|100%| O|  |TAMS 0x000000008d500000, 0x000000008d400000| Untracked 
| 213|0x000000008d500000, 0x000000008d600000, 0x000000008d600000|100%| O|  |TAMS 0x000000008d600000, 0x000000008d500000| Untracked 
| 214|0x000000008d600000, 0x000000008d700000, 0x000000008d700000|100%| O|  |TAMS 0x000000008d700000, 0x000000008d600000| Untracked 
| 215|0x000000008d700000, 0x000000008d800000, 0x000000008d800000|100%| O|  |TAMS 0x000000008d700000, 0x000000008d700000| Untracked 
| 216|0x000000008d800000, 0x000000008d900000, 0x000000008d900000|100%| O|  |TAMS 0x000000008d900000, 0x000000008d800000| Untracked 
| 217|0x000000008d900000, 0x000000008da00000, 0x000000008da00000|100%| O|  |TAMS 0x000000008da00000, 0x000000008d900000| Untracked 
| 218|0x000000008da00000, 0x000000008db00000, 0x000000008db00000|100%| O|  |TAMS 0x000000008db00000, 0x000000008da00000| Untracked 
| 219|0x000000008db00000, 0x000000008dc00000, 0x000000008dc00000|100%| O|  |TAMS 0x000000008dc00000, 0x000000008db00000| Untracked 
| 220|0x000000008dc00000, 0x000000008dd00000, 0x000000008dd00000|100%| O|  |TAMS 0x000000008dd00000, 0x000000008dc00000| Untracked 
| 221|0x000000008dd00000, 0x000000008de00000, 0x000000008de00000|100%| O|  |TAMS 0x000000008de00000, 0x000000008dd00000| Untracked 
| 222|0x000000008de00000, 0x000000008df00000, 0x000000008df00000|100%| O|  |TAMS 0x000000008df00000, 0x000000008de00000| Untracked 
| 223|0x000000008df00000, 0x000000008e000000, 0x000000008e000000|100%| O|  |TAMS 0x000000008e000000, 0x000000008df00000| Untracked 
| 224|0x000000008e000000, 0x000000008e100000, 0x000000008e100000|100%| O|  |TAMS 0x000000008e100000, 0x000000008e000000| Untracked 
| 225|0x000000008e100000, 0x000000008e200000, 0x000000008e200000|100%| O|  |TAMS 0x000000008e200000, 0x000000008e100000| Untracked 
| 226|0x000000008e200000, 0x000000008e300000, 0x000000008e300000|100%| O|  |TAMS 0x000000008e300000, 0x000000008e200000| Untracked 
| 227|0x000000008e300000, 0x000000008e400000, 0x000000008e400000|100%| O|  |TAMS 0x000000008e400000, 0x000000008e300000| Untracked 
| 228|0x000000008e400000, 0x000000008e500000, 0x000000008e500000|100%| O|  |TAMS 0x000000008e500000, 0x000000008e400000| Untracked 
| 229|0x000000008e500000, 0x000000008e600000, 0x000000008e600000|100%| O|  |TAMS 0x000000008e600000, 0x000000008e500000| Untracked 
| 230|0x000000008e600000, 0x000000008e700000, 0x000000008e700000|100%| O|  |TAMS 0x000000008e700000, 0x000000008e600000| Untracked 
| 231|0x000000008e700000, 0x000000008e800000, 0x000000008e800000|100%| O|  |TAMS 0x000000008e800000, 0x000000008e700000| Untracked 
| 232|0x000000008e800000, 0x000000008e900000, 0x000000008e900000|100%| O|  |TAMS 0x000000008e800000, 0x000000008e800000| Untracked 
| 233|0x000000008e900000, 0x000000008ea00000, 0x000000008ea00000|100%| O|  |TAMS 0x000000008ea00000, 0x000000008e900000| Untracked 
| 234|0x000000008ea00000, 0x000000008eb00000, 0x000000008eb00000|100%|HS|  |TAMS 0x000000008eb00000, 0x000000008ea00000| Complete 
| 235|0x000000008eb00000, 0x000000008ec00000, 0x000000008ec00000|100%|HC|  |TAMS 0x000000008ec00000, 0x000000008eb00000| Complete 
| 236|0x000000008ec00000, 0x000000008ed00000, 0x000000008ed00000|100%|HC|  |TAMS 0x000000008ed00000, 0x000000008ec00000| Complete 
| 237|0x000000008ed00000, 0x000000008ee00000, 0x000000008ee00000|100%| O|  |TAMS 0x000000008ed00000, 0x000000008ed00000| Untracked 
| 238|0x000000008ee00000, 0x000000008ef00000, 0x000000008ef00000|100%| O|  |TAMS 0x000000008ee00000, 0x000000008ee00000| Untracked 
| 239|0x000000008ef00000, 0x000000008f000000, 0x000000008f000000|100%| O|  |TAMS 0x000000008f000000, 0x000000008ef00000| Untracked 
| 240|0x000000008f000000, 0x000000008f100000, 0x000000008f100000|100%| O|  |TAMS 0x000000008f000000, 0x000000008f000000| Untracked 
| 241|0x000000008f100000, 0x000000008f200000, 0x000000008f200000|100%| O|  |TAMS 0x000000008f100000, 0x000000008f100000| Untracked 
| 242|0x000000008f200000, 0x000000008f300000, 0x000000008f300000|100%| O|  |TAMS 0x000000008f300000, 0x000000008f200000| Untracked 
| 243|0x000000008f300000, 0x000000008f400000, 0x000000008f400000|100%| O|  |TAMS 0x000000008f400000, 0x000000008f300000| Untracked 
| 244|0x000000008f400000, 0x000000008f500000, 0x000000008f500000|100%| O|  |TAMS 0x000000008f500000, 0x000000008f400000| Untracked 
| 245|0x000000008f500000, 0x000000008f600000, 0x000000008f600000|100%| O|  |TAMS 0x000000008f600000, 0x000000008f500000| Untracked 
| 246|0x000000008f600000, 0x000000008f700000, 0x000000008f700000|100%| O|  |TAMS 0x000000008f700000, 0x000000008f600000| Untracked 
| 247|0x000000008f700000, 0x000000008f800000, 0x000000008f800000|100%| O|  |TAMS 0x000000008f800000, 0x000000008f700000| Untracked 
| 248|0x000000008f800000, 0x000000008f900000, 0x000000008f900000|100%| O|  |TAMS 0x000000008f900000, 0x000000008f800000| Untracked 
| 249|0x000000008f900000, 0x000000008fa00000, 0x000000008fa00000|100%| O|  |TAMS 0x000000008f98d800, 0x000000008f900000| Untracked 
| 250|0x000000008fa00000, 0x000000008fb00000, 0x000000008fb00000|100%| O|  |TAMS 0x000000008fa00000, 0x000000008fa00000| Untracked 
| 251|0x000000008fb00000, 0x000000008fc00000, 0x000000008fc00000|100%| O|  |TAMS 0x000000008fb00000, 0x000000008fb00000| Untracked 
| 252|0x000000008fc00000, 0x000000008fd00000, 0x000000008fd00000|100%| O|  |TAMS 0x000000008fc00000, 0x000000008fc00000| Untracked 
| 253|0x000000008fd00000, 0x000000008fe00000, 0x000000008fe00000|100%| O|  |TAMS 0x000000008fd00000, 0x000000008fd00000| Untracked 
| 254|0x000000008fe00000, 0x000000008ff00000, 0x000000008ff00000|100%| O|  |TAMS 0x000000008fe00000, 0x000000008fe00000| Untracked 
| 255|0x000000008ff00000, 0x0000000090000000, 0x0000000090000000|100%| O|  |TAMS 0x000000008ff00000, 0x000000008ff00000| Untracked 
| 256|0x0000000090000000, 0x0000000090100000, 0x0000000090100000|100%| O|  |TAMS 0x0000000090000000, 0x0000000090000000| Untracked 
| 257|0x0000000090100000, 0x0000000090200000, 0x0000000090200000|100%| O|  |TAMS 0x0000000090100000, 0x0000000090100000| Untracked 
| 258|0x0000000090200000, 0x0000000090300000, 0x0000000090300000|100%| O|  |TAMS 0x0000000090200000, 0x0000000090200000| Untracked 
| 259|0x0000000090300000, 0x0000000090400000, 0x0000000090400000|100%| O|  |TAMS 0x0000000090300000, 0x0000000090300000| Untracked 
| 260|0x0000000090400000, 0x0000000090500000, 0x0000000090500000|100%| O|  |TAMS 0x0000000090400000, 0x0000000090400000| Untracked 
| 261|0x0000000090500000, 0x0000000090600000, 0x0000000090600000|100%| O|  |TAMS 0x0000000090500000, 0x0000000090500000| Untracked 
| 262|0x0000000090600000, 0x0000000090700000, 0x0000000090700000|100%|HS|  |TAMS 0x0000000090600000, 0x0000000090600000| Complete 
| 263|0x0000000090700000, 0x0000000090800000, 0x0000000090800000|100%|HC|  |TAMS 0x0000000090700000, 0x0000000090700000| Complete 
| 264|0x0000000090800000, 0x0000000090900000, 0x0000000090900000|100%| O|  |TAMS 0x0000000090800000, 0x0000000090800000| Untracked 
| 265|0x0000000090900000, 0x0000000090a00000, 0x0000000090a00000|100%| O|  |TAMS 0x0000000090900000, 0x0000000090900000| Untracked 
| 266|0x0000000090a00000, 0x0000000090b00000, 0x0000000090b00000|100%| O|  |TAMS 0x0000000090a00000, 0x0000000090a00000| Untracked 
| 267|0x0000000090b00000, 0x0000000090c00000, 0x0000000090c00000|100%| O|  |TAMS 0x0000000090b00000, 0x0000000090b00000| Untracked 
| 268|0x0000000090c00000, 0x0000000090d00000, 0x0000000090d00000|100%| O|  |TAMS 0x0000000090c00000, 0x0000000090c00000| Untracked 
| 269|0x0000000090d00000, 0x0000000090e00000, 0x0000000090e00000|100%| O|  |TAMS 0x0000000090d00000, 0x0000000090d00000| Untracked 
| 270|0x0000000090e00000, 0x0000000090f00000, 0x0000000090f00000|100%| O|  |TAMS 0x0000000090e00000, 0x0000000090e00000| Untracked 
| 271|0x0000000090f00000, 0x0000000091000000, 0x0000000091000000|100%| O|  |TAMS 0x0000000090f00000, 0x0000000090f00000| Untracked 
| 272|0x0000000091000000, 0x0000000091100000, 0x0000000091100000|100%| O|  |TAMS 0x0000000091000000, 0x0000000091000000| Untracked 
| 273|0x0000000091100000, 0x0000000091200000, 0x0000000091200000|100%| O|  |TAMS 0x0000000091100000, 0x0000000091100000| Untracked 
| 274|0x0000000091200000, 0x0000000091300000, 0x0000000091300000|100%| O|  |TAMS 0x0000000091200000, 0x0000000091200000| Untracked 
| 275|0x0000000091300000, 0x0000000091400000, 0x0000000091400000|100%| O|  |TAMS 0x0000000091300000, 0x0000000091300000| Untracked 
| 276|0x0000000091400000, 0x0000000091500000, 0x0000000091500000|100%| O|  |TAMS 0x0000000091400000, 0x0000000091400000| Untracked 
| 277|0x0000000091500000, 0x0000000091600000, 0x0000000091600000|100%| O|  |TAMS 0x0000000091500000, 0x0000000091500000| Untracked 
| 278|0x0000000091600000, 0x0000000091700000, 0x0000000091700000|100%| O|  |TAMS 0x0000000091600000, 0x0000000091600000| Untracked 
| 279|0x0000000091700000, 0x0000000091800000, 0x0000000091800000|100%| O|  |TAMS 0x0000000091700000, 0x0000000091700000| Untracked 
| 280|0x0000000091800000, 0x0000000091900000, 0x0000000091900000|100%| O|  |TAMS 0x0000000091800000, 0x0000000091800000| Untracked 
| 281|0x0000000091900000, 0x0000000091a00000, 0x0000000091a00000|100%| O|  |TAMS 0x0000000091900000, 0x0000000091900000| Untracked 
| 282|0x0000000091a00000, 0x0000000091b00000, 0x0000000091b00000|100%| O|  |TAMS 0x0000000091a00000, 0x0000000091a00000| Untracked 
| 283|0x0000000091b00000, 0x0000000091c00000, 0x0000000091c00000|100%| O|  |TAMS 0x0000000091b00000, 0x0000000091b00000| Untracked 
| 284|0x0000000091c00000, 0x0000000091d00000, 0x0000000091d00000|100%| O|  |TAMS 0x0000000091c00000, 0x0000000091c00000| Untracked 
| 285|0x0000000091d00000, 0x0000000091e00000, 0x0000000091e00000|100%| O|  |TAMS 0x0000000091d00000, 0x0000000091d00000| Untracked 
| 286|0x0000000091e00000, 0x0000000091f00000, 0x0000000091f00000|100%| O|  |TAMS 0x0000000091e00000, 0x0000000091e00000| Untracked 
| 287|0x0000000091f00000, 0x0000000092000000, 0x0000000092000000|100%| O|  |TAMS 0x0000000091f00000, 0x0000000091f00000| Untracked 
| 288|0x0000000092000000, 0x0000000092100000, 0x0000000092100000|100%| O|  |TAMS 0x0000000092000000, 0x0000000092000000| Untracked 
| 289|0x0000000092100000, 0x0000000092200000, 0x0000000092200000|100%| O|  |TAMS 0x0000000092100000, 0x0000000092100000| Untracked 
| 290|0x0000000092200000, 0x0000000092300000, 0x0000000092300000|100%| O|  |TAMS 0x0000000092200000, 0x0000000092200000| Untracked 
| 291|0x0000000092300000, 0x0000000092400000, 0x0000000092400000|100%| O|  |TAMS 0x0000000092300000, 0x0000000092300000| Untracked 
| 292|0x0000000092400000, 0x0000000092500000, 0x0000000092500000|100%| O|  |TAMS 0x0000000092400000, 0x0000000092400000| Untracked 
| 293|0x0000000092500000, 0x0000000092600000, 0x0000000092600000|100%| O|  |TAMS 0x0000000092500000, 0x0000000092500000| Untracked 
| 294|0x0000000092600000, 0x0000000092700000, 0x0000000092700000|100%| O|  |TAMS 0x0000000092600000, 0x0000000092600000| Untracked 
| 295|0x0000000092700000, 0x0000000092800000, 0x0000000092800000|100%| O|  |TAMS 0x0000000092700000, 0x0000000092700000| Untracked 
| 296|0x0000000092800000, 0x0000000092900000, 0x0000000092900000|100%| O|  |TAMS 0x0000000092800000, 0x0000000092800000| Untracked 
| 297|0x0000000092900000, 0x0000000092a00000, 0x0000000092a00000|100%| O|  |TAMS 0x0000000092900000, 0x0000000092900000| Untracked 
| 298|0x0000000092a00000, 0x0000000092b00000, 0x0000000092b00000|100%| O|  |TAMS 0x0000000092a00000, 0x0000000092a00000| Untracked 
| 299|0x0000000092b00000, 0x0000000092c00000, 0x0000000092c00000|100%| O|  |TAMS 0x0000000092b00000, 0x0000000092b00000| Untracked 
| 300|0x0000000092c00000, 0x0000000092d00000, 0x0000000092d00000|100%| O|  |TAMS 0x0000000092c00000, 0x0000000092c00000| Untracked 
| 301|0x0000000092d00000, 0x0000000092e00000, 0x0000000092e00000|100%| O|  |TAMS 0x0000000092d00000, 0x0000000092d00000| Untracked 
| 302|0x0000000092e00000, 0x0000000092f00000, 0x0000000092f00000|100%| O|  |TAMS 0x0000000092e00000, 0x0000000092e00000| Untracked 
| 303|0x0000000092f00000, 0x0000000093000000, 0x0000000093000000|100%| O|  |TAMS 0x0000000092f00000, 0x0000000092f00000| Untracked 
| 304|0x0000000093000000, 0x0000000093100000, 0x0000000093100000|100%| O|  |TAMS 0x0000000093000000, 0x0000000093000000| Untracked 
| 305|0x0000000093100000, 0x0000000093200000, 0x0000000093200000|100%| O|  |TAMS 0x0000000093100000, 0x0000000093100000| Untracked 
| 306|0x0000000093200000, 0x0000000093300000, 0x0000000093300000|100%| O|  |TAMS 0x0000000093200000, 0x0000000093200000| Untracked 
| 307|0x0000000093300000, 0x0000000093400000, 0x0000000093400000|100%| O|  |TAMS 0x0000000093300000, 0x0000000093300000| Untracked 
| 308|0x0000000093400000, 0x0000000093500000, 0x0000000093500000|100%| O|  |TAMS 0x0000000093400000, 0x0000000093400000| Untracked 
| 309|0x0000000093500000, 0x0000000093600000, 0x0000000093600000|100%| O|  |TAMS 0x0000000093500000, 0x0000000093500000| Untracked 
| 310|0x0000000093600000, 0x0000000093700000, 0x0000000093700000|100%| O|  |TAMS 0x0000000093600000, 0x0000000093600000| Untracked 
| 311|0x0000000093700000, 0x0000000093800000, 0x0000000093800000|100%| O|  |TAMS 0x0000000093700000, 0x0000000093700000| Untracked 
| 312|0x0000000093800000, 0x0000000093900000, 0x0000000093900000|100%| O|  |TAMS 0x0000000093800000, 0x0000000093800000| Untracked 
| 313|0x0000000093900000, 0x0000000093a00000, 0x0000000093a00000|100%| O|  |TAMS 0x0000000093900000, 0x0000000093900000| Untracked 
| 314|0x0000000093a00000, 0x0000000093b00000, 0x0000000093b00000|100%| O|  |TAMS 0x0000000093a00000, 0x0000000093a00000| Untracked 
| 315|0x0000000093b00000, 0x0000000093c00000, 0x0000000093c00000|100%| O|  |TAMS 0x0000000093b00000, 0x0000000093b00000| Untracked 
| 316|0x0000000093c00000, 0x0000000093d00000, 0x0000000093d00000|100%| O|  |TAMS 0x0000000093c00000, 0x0000000093c00000| Untracked 
| 317|0x0000000093d00000, 0x0000000093e00000, 0x0000000093e00000|100%| O|  |TAMS 0x0000000093d00000, 0x0000000093d00000| Untracked 
| 318|0x0000000093e00000, 0x0000000093f00000, 0x0000000093f00000|100%| O|  |TAMS 0x0000000093e00000, 0x0000000093e00000| Untracked 
| 319|0x0000000093f00000, 0x0000000094000000, 0x0000000094000000|100%| O|  |TAMS 0x0000000093f00000, 0x0000000093f00000| Untracked 
| 320|0x0000000094000000, 0x0000000094100000, 0x0000000094100000|100%| O|  |TAMS 0x0000000094000000, 0x0000000094000000| Untracked 
| 321|0x0000000094100000, 0x0000000094200000, 0x0000000094200000|100%| O|  |TAMS 0x0000000094100000, 0x0000000094100000| Untracked 
| 322|0x0000000094200000, 0x0000000094300000, 0x0000000094300000|100%| O|  |TAMS 0x0000000094200000, 0x0000000094200000| Untracked 
| 323|0x0000000094300000, 0x0000000094400000, 0x0000000094400000|100%| O|  |TAMS 0x0000000094300000, 0x0000000094300000| Untracked 
| 324|0x0000000094400000, 0x0000000094500000, 0x0000000094500000|100%| O|  |TAMS 0x0000000094400000, 0x0000000094400000| Untracked 
| 325|0x0000000094500000, 0x0000000094600000, 0x0000000094600000|100%| O|  |TAMS 0x0000000094500000, 0x0000000094500000| Untracked 
| 326|0x0000000094600000, 0x0000000094700000, 0x0000000094700000|100%| O|  |TAMS 0x0000000094600000, 0x0000000094600000| Untracked 
| 327|0x0000000094700000, 0x0000000094800000, 0x0000000094800000|100%| O|  |TAMS 0x0000000094700000, 0x0000000094700000| Untracked 
| 328|0x0000000094800000, 0x0000000094900000, 0x0000000094900000|100%| O|  |TAMS 0x0000000094800000, 0x0000000094800000| Untracked 
| 329|0x0000000094900000, 0x0000000094a00000, 0x0000000094a00000|100%| O|  |TAMS 0x0000000094900000, 0x0000000094900000| Untracked 
| 330|0x0000000094a00000, 0x0000000094b00000, 0x0000000094b00000|100%| O|  |TAMS 0x0000000094a00000, 0x0000000094a00000| Untracked 
| 331|0x0000000094b00000, 0x0000000094c00000, 0x0000000094c00000|100%| O|  |TAMS 0x0000000094b00000, 0x0000000094b00000| Untracked 
| 332|0x0000000094c00000, 0x0000000094d00000, 0x0000000094d00000|100%| O|  |TAMS 0x0000000094c00000, 0x0000000094c00000| Untracked 
| 333|0x0000000094d00000, 0x0000000094e00000, 0x0000000094e00000|100%| O|  |TAMS 0x0000000094d00000, 0x0000000094d00000| Untracked 
| 334|0x0000000094e00000, 0x0000000094f00000, 0x0000000094f00000|100%| O|  |TAMS 0x0000000094e00000, 0x0000000094e00000| Untracked 
| 335|0x0000000094f00000, 0x0000000095000000, 0x0000000095000000|100%| O|  |TAMS 0x0000000094f00000, 0x0000000094f00000| Untracked 
| 336|0x0000000095000000, 0x0000000095100000, 0x0000000095100000|100%| O|  |TAMS 0x0000000095000000, 0x0000000095000000| Untracked 
| 337|0x0000000095100000, 0x0000000095200000, 0x0000000095200000|100%| O|  |TAMS 0x0000000095100000, 0x0000000095100000| Untracked 
| 338|0x0000000095200000, 0x0000000095300000, 0x0000000095300000|100%| O|  |TAMS 0x0000000095200000, 0x0000000095200000| Untracked 
| 339|0x0000000095300000, 0x0000000095400000, 0x0000000095400000|100%| O|  |TAMS 0x0000000095300000, 0x0000000095300000| Untracked 
| 340|0x0000000095400000, 0x0000000095500000, 0x0000000095500000|100%| O|  |TAMS 0x0000000095400000, 0x0000000095400000| Untracked 
| 341|0x0000000095500000, 0x0000000095600000, 0x0000000095600000|100%| O|  |TAMS 0x0000000095500000, 0x0000000095500000| Untracked 
| 342|0x0000000095600000, 0x0000000095700000, 0x0000000095700000|100%| O|  |TAMS 0x0000000095600000, 0x0000000095600000| Untracked 
| 343|0x0000000095700000, 0x0000000095800000, 0x0000000095800000|100%| O|  |TAMS 0x0000000095700000, 0x0000000095700000| Untracked 
| 344|0x0000000095800000, 0x0000000095900000, 0x0000000095900000|100%| O|  |TAMS 0x0000000095800000, 0x0000000095800000| Untracked 
| 345|0x0000000095900000, 0x0000000095a00000, 0x0000000095a00000|100%| O|  |TAMS 0x0000000095900000, 0x0000000095900000| Untracked 
| 346|0x0000000095a00000, 0x0000000095b00000, 0x0000000095b00000|100%| O|  |TAMS 0x0000000095a00000, 0x0000000095a00000| Untracked 
| 347|0x0000000095b00000, 0x0000000095c00000, 0x0000000095c00000|100%| O|  |TAMS 0x0000000095b00000, 0x0000000095b00000| Untracked 
| 348|0x0000000095c00000, 0x0000000095d00000, 0x0000000095d00000|100%| O|  |TAMS 0x0000000095c00000, 0x0000000095c00000| Untracked 
| 349|0x0000000095d00000, 0x0000000095e00000, 0x0000000095e00000|100%| O|  |TAMS 0x0000000095d00000, 0x0000000095d00000| Untracked 
| 350|0x0000000095e00000, 0x0000000095f00000, 0x0000000095f00000|100%| O|  |TAMS 0x0000000095e00000, 0x0000000095e00000| Untracked 
| 351|0x0000000095f00000, 0x0000000096000000, 0x0000000096000000|100%| O|  |TAMS 0x0000000095f00000, 0x0000000095f00000| Untracked 
| 352|0x0000000096000000, 0x0000000096100000, 0x0000000096100000|100%| O|  |TAMS 0x0000000096000000, 0x0000000096000000| Untracked 
| 353|0x0000000096100000, 0x0000000096200000, 0x0000000096200000|100%| O|  |TAMS 0x0000000096100000, 0x0000000096100000| Untracked 
| 354|0x0000000096200000, 0x0000000096300000, 0x0000000096300000|100%| O|  |TAMS 0x0000000096200000, 0x0000000096200000| Untracked 
| 355|0x0000000096300000, 0x0000000096400000, 0x0000000096400000|100%| O|  |TAMS 0x0000000096300000, 0x0000000096300000| Untracked 
| 356|0x0000000096400000, 0x0000000096500000, 0x0000000096500000|100%| O|  |TAMS 0x0000000096400000, 0x0000000096400000| Untracked 
| 357|0x0000000096500000, 0x0000000096600000, 0x0000000096600000|100%| O|  |TAMS 0x0000000096500000, 0x0000000096500000| Untracked 
| 358|0x0000000096600000, 0x0000000096700000, 0x0000000096700000|100%| O|  |TAMS 0x0000000096600000, 0x0000000096600000| Untracked 
| 359|0x0000000096700000, 0x0000000096800000, 0x0000000096800000|100%| O|  |TAMS 0x0000000096700000, 0x0000000096700000| Untracked 
| 360|0x0000000096800000, 0x0000000096900000, 0x0000000096900000|100%| O|  |TAMS 0x0000000096800000, 0x0000000096800000| Untracked 
| 361|0x0000000096900000, 0x0000000096a00000, 0x0000000096a00000|100%| O|  |TAMS 0x0000000096900000, 0x0000000096900000| Untracked 
| 362|0x0000000096a00000, 0x0000000096b00000, 0x0000000096b00000|100%| O|  |TAMS 0x0000000096a00000, 0x0000000096a00000| Untracked 
| 363|0x0000000096b00000, 0x0000000096c00000, 0x0000000096c00000|100%| O|  |TAMS 0x0000000096b00000, 0x0000000096b00000| Untracked 
| 364|0x0000000096c00000, 0x0000000096d00000, 0x0000000096d00000|100%| O|  |TAMS 0x0000000096c00000, 0x0000000096c00000| Untracked 
| 365|0x0000000096d00000, 0x0000000096e00000, 0x0000000096e00000|100%| O|  |TAMS 0x0000000096d00000, 0x0000000096d00000| Untracked 
| 366|0x0000000096e00000, 0x0000000096f00000, 0x0000000096f00000|100%| O|  |TAMS 0x0000000096e00000, 0x0000000096e00000| Untracked 
| 367|0x0000000096f00000, 0x0000000097000000, 0x0000000097000000|100%| O|  |TAMS 0x0000000096f00000, 0x0000000096f00000| Untracked 
| 368|0x0000000097000000, 0x0000000097100000, 0x0000000097100000|100%| O|  |TAMS 0x0000000097000000, 0x0000000097000000| Untracked 
| 369|0x0000000097100000, 0x0000000097200000, 0x0000000097200000|100%| O|  |TAMS 0x0000000097100000, 0x0000000097100000| Untracked 
| 370|0x0000000097200000, 0x0000000097300000, 0x0000000097300000|100%| O|  |TAMS 0x0000000097200000, 0x0000000097200000| Untracked 
| 371|0x0000000097300000, 0x0000000097400000, 0x0000000097400000|100%| O|  |TAMS 0x0000000097300000, 0x0000000097300000| Untracked 
| 372|0x0000000097400000, 0x0000000097500000, 0x0000000097500000|100%| O|  |TAMS 0x0000000097400000, 0x0000000097400000| Untracked 
| 373|0x0000000097500000, 0x0000000097600000, 0x0000000097600000|100%| O|  |TAMS 0x0000000097500000, 0x0000000097500000| Untracked 
| 374|0x0000000097600000, 0x0000000097700000, 0x0000000097700000|100%| O|  |TAMS 0x0000000097600000, 0x0000000097600000| Untracked 
| 375|0x0000000097700000, 0x0000000097800000, 0x0000000097800000|100%| O|  |TAMS 0x0000000097700000, 0x0000000097700000| Untracked 
| 376|0x0000000097800000, 0x0000000097900000, 0x0000000097900000|100%| O|  |TAMS 0x0000000097800000, 0x0000000097800000| Untracked 
| 377|0x0000000097900000, 0x0000000097a00000, 0x0000000097a00000|100%| O|  |TAMS 0x0000000097900000, 0x0000000097900000| Untracked 
| 378|0x0000000097a00000, 0x0000000097b00000, 0x0000000097b00000|100%| O|  |TAMS 0x0000000097a00000, 0x0000000097a00000| Untracked 
| 379|0x0000000097b00000, 0x0000000097c00000, 0x0000000097c00000|100%| O|  |TAMS 0x0000000097b00000, 0x0000000097b00000| Untracked 
| 380|0x0000000097c00000, 0x0000000097d00000, 0x0000000097d00000|100%| O|  |TAMS 0x0000000097c00000, 0x0000000097c00000| Untracked 
| 381|0x0000000097d00000, 0x0000000097e00000, 0x0000000097e00000|100%| O|  |TAMS 0x0000000097d00000, 0x0000000097d00000| Untracked 
| 382|0x0000000097e00000, 0x0000000097f00000, 0x0000000097f00000|100%| O|  |TAMS 0x0000000097e00000, 0x0000000097e00000| Untracked 
| 383|0x0000000097f00000, 0x0000000098000000, 0x0000000098000000|100%| O|  |TAMS 0x0000000097f00000, 0x0000000097f00000| Untracked 
| 384|0x0000000098000000, 0x0000000098100000, 0x0000000098100000|100%| O|  |TAMS 0x0000000098000000, 0x0000000098000000| Untracked 
| 385|0x0000000098100000, 0x0000000098200000, 0x0000000098200000|100%| O|  |TAMS 0x0000000098100000, 0x0000000098100000| Untracked 
| 386|0x0000000098200000, 0x0000000098300000, 0x0000000098300000|100%| O|  |TAMS 0x0000000098200000, 0x0000000098200000| Untracked 
| 387|0x0000000098300000, 0x0000000098400000, 0x0000000098400000|100%| O|  |TAMS 0x0000000098300000, 0x0000000098300000| Untracked 
| 388|0x0000000098400000, 0x0000000098500000, 0x0000000098500000|100%| O|  |TAMS 0x0000000098400000, 0x0000000098400000| Untracked 
| 389|0x0000000098500000, 0x0000000098600000, 0x0000000098600000|100%| O|  |TAMS 0x0000000098500000, 0x0000000098500000| Untracked 
| 390|0x0000000098600000, 0x0000000098700000, 0x0000000098700000|100%| O|  |TAMS 0x0000000098600000, 0x0000000098600000| Untracked 
| 391|0x0000000098700000, 0x0000000098800000, 0x0000000098800000|100%| O|  |TAMS 0x0000000098700000, 0x0000000098700000| Untracked 
| 392|0x0000000098800000, 0x0000000098900000, 0x0000000098900000|100%| O|  |TAMS 0x0000000098800000, 0x0000000098800000| Untracked 
| 393|0x0000000098900000, 0x0000000098a00000, 0x0000000098a00000|100%| O|  |TAMS 0x0000000098900000, 0x0000000098900000| Untracked 
| 394|0x0000000098a00000, 0x0000000098b00000, 0x0000000098b00000|100%| O|  |TAMS 0x0000000098a00000, 0x0000000098a00000| Untracked 
| 395|0x0000000098b00000, 0x0000000098c00000, 0x0000000098c00000|100%| O|  |TAMS 0x0000000098b00000, 0x0000000098b00000| Untracked 
| 396|0x0000000098c00000, 0x0000000098d00000, 0x0000000098d00000|100%| O|  |TAMS 0x0000000098c00000, 0x0000000098c00000| Untracked 
| 397|0x0000000098d00000, 0x0000000098e00000, 0x0000000098e00000|100%| O|  |TAMS 0x0000000098d00000, 0x0000000098d00000| Untracked 
| 398|0x0000000098e00000, 0x0000000098f00000, 0x0000000098f00000|100%| O|  |TAMS 0x0000000098e00000, 0x0000000098e00000| Untracked 
| 399|0x0000000098f00000, 0x0000000099000000, 0x0000000099000000|100%| O|  |TAMS 0x0000000098f00000, 0x0000000098f00000| Untracked 
| 400|0x0000000099000000, 0x0000000099100000, 0x0000000099100000|100%| O|  |TAMS 0x0000000099000000, 0x0000000099000000| Untracked 
| 401|0x0000000099100000, 0x0000000099200000, 0x0000000099200000|100%| O|  |TAMS 0x0000000099100000, 0x0000000099100000| Untracked 
| 402|0x0000000099200000, 0x0000000099300000, 0x0000000099300000|100%| O|  |TAMS 0x0000000099200000, 0x0000000099200000| Untracked 
| 403|0x0000000099300000, 0x0000000099400000, 0x0000000099400000|100%| O|  |TAMS 0x0000000099300000, 0x0000000099300000| Untracked 
| 404|0x0000000099400000, 0x0000000099500000, 0x0000000099500000|100%| O|  |TAMS 0x0000000099400000, 0x0000000099400000| Untracked 
| 405|0x0000000099500000, 0x0000000099600000, 0x0000000099600000|100%| O|  |TAMS 0x0000000099500000, 0x0000000099500000| Untracked 
| 406|0x0000000099600000, 0x0000000099700000, 0x0000000099700000|100%| O|  |TAMS 0x0000000099600000, 0x0000000099600000| Untracked 
| 407|0x0000000099700000, 0x0000000099800000, 0x0000000099800000|100%| O|  |TAMS 0x0000000099700000, 0x0000000099700000| Untracked 
| 408|0x0000000099800000, 0x0000000099900000, 0x0000000099900000|100%| O|  |TAMS 0x0000000099800000, 0x0000000099800000| Untracked 
| 409|0x0000000099900000, 0x0000000099a00000, 0x0000000099a00000|100%| O|  |TAMS 0x0000000099900000, 0x0000000099900000| Untracked 
| 410|0x0000000099a00000, 0x0000000099b00000, 0x0000000099b00000|100%| O|  |TAMS 0x0000000099a00000, 0x0000000099a00000| Untracked 
| 411|0x0000000099b00000, 0x0000000099c00000, 0x0000000099c00000|100%| O|  |TAMS 0x0000000099b00000, 0x0000000099b00000| Untracked 
| 412|0x0000000099c00000, 0x0000000099d00000, 0x0000000099d00000|100%| O|  |TAMS 0x0000000099c00000, 0x0000000099c00000| Untracked 
| 413|0x0000000099d00000, 0x0000000099e00000, 0x0000000099e00000|100%| O|  |TAMS 0x0000000099d00000, 0x0000000099d00000| Untracked 
| 414|0x0000000099e00000, 0x0000000099f00000, 0x0000000099f00000|100%| O|  |TAMS 0x0000000099e00000, 0x0000000099e00000| Untracked 
| 415|0x0000000099f00000, 0x000000009a000000, 0x000000009a000000|100%| O|  |TAMS 0x0000000099f00000, 0x0000000099f00000| Untracked 
| 416|0x000000009a000000, 0x000000009a100000, 0x000000009a100000|100%| O|  |TAMS 0x000000009a000000, 0x000000009a000000| Untracked 
| 417|0x000000009a100000, 0x000000009a200000, 0x000000009a200000|100%| O|  |TAMS 0x000000009a100000, 0x000000009a100000| Untracked 
| 418|0x000000009a200000, 0x000000009a300000, 0x000000009a300000|100%| O|  |TAMS 0x000000009a200000, 0x000000009a200000| Untracked 
| 419|0x000000009a300000, 0x000000009a400000, 0x000000009a400000|100%| O|  |TAMS 0x000000009a300000, 0x000000009a300000| Untracked 
| 420|0x000000009a400000, 0x000000009a500000, 0x000000009a500000|100%| O|  |TAMS 0x000000009a400000, 0x000000009a400000| Untracked 
| 421|0x000000009a500000, 0x000000009a600000, 0x000000009a600000|100%| O|  |TAMS 0x000000009a500000, 0x000000009a500000| Untracked 
| 422|0x000000009a600000, 0x000000009a700000, 0x000000009a700000|100%| O|  |TAMS 0x000000009a600000, 0x000000009a600000| Untracked 
| 423|0x000000009a700000, 0x000000009a800000, 0x000000009a800000|100%| O|  |TAMS 0x000000009a700000, 0x000000009a700000| Untracked 
| 424|0x000000009a800000, 0x000000009a900000, 0x000000009a900000|100%| O|  |TAMS 0x000000009a800000, 0x000000009a800000| Untracked 
| 425|0x000000009a900000, 0x000000009aa00000, 0x000000009aa00000|100%| O|  |TAMS 0x000000009a900000, 0x000000009a900000| Untracked 
| 426|0x000000009aa00000, 0x000000009ab00000, 0x000000009ab00000|100%| O|  |TAMS 0x000000009aa00000, 0x000000009aa00000| Untracked 
| 427|0x000000009ab00000, 0x000000009ac00000, 0x000000009ac00000|100%| O|  |TAMS 0x000000009ab00000, 0x000000009ab00000| Untracked 
| 428|0x000000009ac00000, 0x000000009ad00000, 0x000000009ad00000|100%| O|  |TAMS 0x000000009ac00000, 0x000000009ac00000| Untracked 
| 429|0x000000009ad00000, 0x000000009ae00000, 0x000000009ae00000|100%| O|  |TAMS 0x000000009ad00000, 0x000000009ad00000| Untracked 
| 430|0x000000009ae00000, 0x000000009af00000, 0x000000009af00000|100%| O|  |TAMS 0x000000009ae00000, 0x000000009ae00000| Untracked 
| 431|0x000000009af00000, 0x000000009b000000, 0x000000009b000000|100%| O|  |TAMS 0x000000009af00000, 0x000000009af00000| Untracked 
| 432|0x000000009b000000, 0x000000009b100000, 0x000000009b100000|100%| O|  |TAMS 0x000000009b000000, 0x000000009b000000| Untracked 
| 433|0x000000009b100000, 0x000000009b200000, 0x000000009b200000|100%| O|  |TAMS 0x000000009b100000, 0x000000009b100000| Untracked 
| 434|0x000000009b200000, 0x000000009b2c5000, 0x000000009b300000| 76%| O|  |TAMS 0x000000009b200000, 0x000000009b200000| Untracked 
| 435|0x000000009b300000, 0x000000009b300000, 0x000000009b400000|  0%| F|  |TAMS 0x000000009b300000, 0x000000009b300000| Untracked 
| 436|0x000000009b400000, 0x000000009b400000, 0x000000009b500000|  0%| F|  |TAMS 0x000000009b400000, 0x000000009b400000| Untracked 
| 437|0x000000009b500000, 0x000000009b500000, 0x000000009b600000|  0%| F|  |TAMS 0x000000009b500000, 0x000000009b500000| Untracked 
| 438|0x000000009b600000, 0x000000009b600000, 0x000000009b700000|  0%| F|  |TAMS 0x000000009b600000, 0x000000009b600000| Untracked 
| 439|0x000000009b700000, 0x000000009b700000, 0x000000009b800000|  0%| F|  |TAMS 0x000000009b700000, 0x000000009b700000| Untracked 
| 440|0x000000009b800000, 0x000000009b800000, 0x000000009b900000|  0%| F|  |TAMS 0x000000009b800000, 0x000000009b800000| Untracked 
| 441|0x000000009b900000, 0x000000009b900000, 0x000000009ba00000|  0%| F|  |TAMS 0x000000009b900000, 0x000000009b900000| Untracked 
| 442|0x000000009ba00000, 0x000000009ba00000, 0x000000009bb00000|  0%| F|  |TAMS 0x000000009ba00000, 0x000000009ba00000| Untracked 
| 443|0x000000009bb00000, 0x000000009bb00000, 0x000000009bc00000|  0%| F|  |TAMS 0x000000009bb00000, 0x000000009bb00000| Untracked 
| 444|0x000000009bc00000, 0x000000009bc00000, 0x000000009bd00000|  0%| F|  |TAMS 0x000000009bc00000, 0x000000009bc00000| Untracked 
| 445|0x000000009bd00000, 0x000000009bd00000, 0x000000009be00000|  0%| F|  |TAMS 0x000000009bd00000, 0x000000009bd00000| Untracked 
| 446|0x000000009be00000, 0x000000009be00000, 0x000000009bf00000|  0%| F|  |TAMS 0x000000009be00000, 0x000000009be00000| Untracked 
| 447|0x000000009bf00000, 0x000000009bf00000, 0x000000009c000000|  0%| F|  |TAMS 0x000000009bf00000, 0x000000009bf00000| Untracked 
| 448|0x000000009c000000, 0x000000009c000000, 0x000000009c100000|  0%| F|  |TAMS 0x000000009c000000, 0x000000009c000000| Untracked 
| 449|0x000000009c100000, 0x000000009c100000, 0x000000009c200000|  0%| F|  |TAMS 0x000000009c100000, 0x000000009c100000| Untracked 
| 450|0x000000009c200000, 0x000000009c200000, 0x000000009c300000|  0%| F|  |TAMS 0x000000009c200000, 0x000000009c200000| Untracked 
| 451|0x000000009c300000, 0x000000009c300000, 0x000000009c400000|  0%| F|  |TAMS 0x000000009c300000, 0x000000009c300000| Untracked 
| 452|0x000000009c400000, 0x000000009c400000, 0x000000009c500000|  0%| F|  |TAMS 0x000000009c400000, 0x000000009c400000| Untracked 
| 453|0x000000009c500000, 0x000000009c500000, 0x000000009c600000|  0%| F|  |TAMS 0x000000009c500000, 0x000000009c500000| Untracked 
| 454|0x000000009c600000, 0x000000009c600000, 0x000000009c700000|  0%| F|  |TAMS 0x000000009c600000, 0x000000009c600000| Untracked 
| 455|0x000000009c700000, 0x000000009c700000, 0x000000009c800000|  0%| F|  |TAMS 0x000000009c700000, 0x000000009c700000| Untracked 
| 456|0x000000009c800000, 0x000000009c800000, 0x000000009c900000|  0%| F|  |TAMS 0x000000009c800000, 0x000000009c800000| Untracked 
| 457|0x000000009c900000, 0x000000009c900000, 0x000000009ca00000|  0%| F|  |TAMS 0x000000009c900000, 0x000000009c900000| Untracked 
| 458|0x000000009ca00000, 0x000000009ca00000, 0x000000009cb00000|  0%| F|  |TAMS 0x000000009ca00000, 0x000000009ca00000| Untracked 
| 459|0x000000009cb00000, 0x000000009cb00000, 0x000000009cc00000|  0%| F|  |TAMS 0x000000009cb00000, 0x000000009cb00000| Untracked 
| 460|0x000000009cc00000, 0x000000009cc00000, 0x000000009cd00000|  0%| F|  |TAMS 0x000000009cc00000, 0x000000009cc00000| Untracked 
| 461|0x000000009cd00000, 0x000000009cd00000, 0x000000009ce00000|  0%| F|  |TAMS 0x000000009cd00000, 0x000000009cd00000| Untracked 
| 462|0x000000009ce00000, 0x000000009ce00000, 0x000000009cf00000|  0%| F|  |TAMS 0x000000009ce00000, 0x000000009ce00000| Untracked 
| 463|0x000000009cf00000, 0x000000009cf00000, 0x000000009d000000|  0%| F|  |TAMS 0x000000009cf00000, 0x000000009cf00000| Untracked 
| 464|0x000000009d000000, 0x000000009d000000, 0x000000009d100000|  0%| F|  |TAMS 0x000000009d000000, 0x000000009d000000| Untracked 
| 465|0x000000009d100000, 0x000000009d100000, 0x000000009d200000|  0%| F|  |TAMS 0x000000009d100000, 0x000000009d100000| Untracked 
| 466|0x000000009d200000, 0x000000009d200000, 0x000000009d300000|  0%| F|  |TAMS 0x000000009d200000, 0x000000009d200000| Untracked 
| 467|0x000000009d300000, 0x000000009d300000, 0x000000009d400000|  0%| F|  |TAMS 0x000000009d300000, 0x000000009d300000| Untracked 
| 468|0x000000009d400000, 0x000000009d400000, 0x000000009d500000|  0%| F|  |TAMS 0x000000009d400000, 0x000000009d400000| Untracked 
| 469|0x000000009d500000, 0x000000009d500000, 0x000000009d600000|  0%| F|  |TAMS 0x000000009d500000, 0x000000009d500000| Untracked 
| 470|0x000000009d600000, 0x000000009d600000, 0x000000009d700000|  0%| F|  |TAMS 0x000000009d600000, 0x000000009d600000| Untracked 
| 471|0x000000009d700000, 0x000000009d700000, 0x000000009d800000|  0%| F|  |TAMS 0x000000009d700000, 0x000000009d700000| Untracked 
| 472|0x000000009d800000, 0x000000009d800000, 0x000000009d900000|  0%| F|  |TAMS 0x000000009d800000, 0x000000009d800000| Untracked 
| 473|0x000000009d900000, 0x000000009d900000, 0x000000009da00000|  0%| F|  |TAMS 0x000000009d900000, 0x000000009d900000| Untracked 
| 474|0x000000009da00000, 0x000000009da00000, 0x000000009db00000|  0%| F|  |TAMS 0x000000009da00000, 0x000000009da00000| Untracked 
| 475|0x000000009db00000, 0x000000009db00000, 0x000000009dc00000|  0%| F|  |TAMS 0x000000009db00000, 0x000000009db00000| Untracked 
| 476|0x000000009dc00000, 0x000000009dc00000, 0x000000009dd00000|  0%| F|  |TAMS 0x000000009dc00000, 0x000000009dc00000| Untracked 
| 477|0x000000009dd00000, 0x000000009dd00000, 0x000000009de00000|  0%| F|  |TAMS 0x000000009dd00000, 0x000000009dd00000| Untracked 
| 478|0x000000009de00000, 0x000000009de00000, 0x000000009df00000|  0%| F|  |TAMS 0x000000009de00000, 0x000000009de00000| Untracked 
| 479|0x000000009df00000, 0x000000009df00000, 0x000000009e000000|  0%| F|  |TAMS 0x000000009df00000, 0x000000009df00000| Untracked 
| 480|0x000000009e000000, 0x000000009e000000, 0x000000009e100000|  0%| F|  |TAMS 0x000000009e000000, 0x000000009e000000| Untracked 
| 481|0x000000009e100000, 0x000000009e100000, 0x000000009e200000|  0%| F|  |TAMS 0x000000009e100000, 0x000000009e100000| Untracked 
| 482|0x000000009e200000, 0x000000009e200000, 0x000000009e300000|  0%| F|  |TAMS 0x000000009e200000, 0x000000009e200000| Untracked 
| 483|0x000000009e300000, 0x000000009e300000, 0x000000009e400000|  0%| F|  |TAMS 0x000000009e300000, 0x000000009e300000| Untracked 
| 484|0x000000009e400000, 0x000000009e400000, 0x000000009e500000|  0%| F|  |TAMS 0x000000009e400000, 0x000000009e400000| Untracked 
| 485|0x000000009e500000, 0x000000009e500000, 0x000000009e600000|  0%| F|  |TAMS 0x000000009e500000, 0x000000009e500000| Untracked 
| 486|0x000000009e600000, 0x000000009e600000, 0x000000009e700000|  0%| F|  |TAMS 0x000000009e600000, 0x000000009e600000| Untracked 
| 487|0x000000009e700000, 0x000000009e700000, 0x000000009e800000|  0%| F|  |TAMS 0x000000009e700000, 0x000000009e700000| Untracked 
| 488|0x000000009e800000, 0x000000009e800000, 0x000000009e900000|  0%| F|  |TAMS 0x000000009e800000, 0x000000009e800000| Untracked 
| 489|0x000000009e900000, 0x000000009e900000, 0x000000009ea00000|  0%| F|  |TAMS 0x000000009e900000, 0x000000009e900000| Untracked 
| 490|0x000000009ea00000, 0x000000009ea00000, 0x000000009eb00000|  0%| F|  |TAMS 0x000000009ea00000, 0x000000009ea00000| Untracked 
| 491|0x000000009eb00000, 0x000000009eb00000, 0x000000009ec00000|  0%| F|  |TAMS 0x000000009eb00000, 0x000000009eb00000| Untracked 
| 492|0x000000009ec00000, 0x000000009ec00000, 0x000000009ed00000|  0%| F|  |TAMS 0x000000009ec00000, 0x000000009ec00000| Untracked 
| 493|0x000000009ed00000, 0x000000009ed00000, 0x000000009ee00000|  0%| F|  |TAMS 0x000000009ed00000, 0x000000009ed00000| Untracked 
| 494|0x000000009ee00000, 0x000000009ee00000, 0x000000009ef00000|  0%| F|  |TAMS 0x000000009ee00000, 0x000000009ee00000| Untracked 
| 495|0x000000009ef00000, 0x000000009ef00000, 0x000000009f000000|  0%| F|  |TAMS 0x000000009ef00000, 0x000000009ef00000| Untracked 
| 496|0x000000009f000000, 0x000000009f000000, 0x000000009f100000|  0%| F|  |TAMS 0x000000009f000000, 0x000000009f000000| Untracked 
| 497|0x000000009f100000, 0x000000009f100000, 0x000000009f200000|  0%| F|  |TAMS 0x000000009f100000, 0x000000009f100000| Untracked 
| 498|0x000000009f200000, 0x000000009f200000, 0x000000009f300000|  0%| F|  |TAMS 0x000000009f200000, 0x000000009f200000| Untracked 
| 499|0x000000009f300000, 0x000000009f300000, 0x000000009f400000|  0%| F|  |TAMS 0x000000009f300000, 0x000000009f300000| Untracked 
| 500|0x000000009f400000, 0x000000009f400000, 0x000000009f500000|  0%| F|  |TAMS 0x000000009f400000, 0x000000009f400000| Untracked 
| 501|0x000000009f500000, 0x000000009f500000, 0x000000009f600000|  0%| F|  |TAMS 0x000000009f500000, 0x000000009f500000| Untracked 
| 502|0x000000009f600000, 0x000000009f600000, 0x000000009f700000|  0%| F|  |TAMS 0x000000009f600000, 0x000000009f600000| Untracked 
| 503|0x000000009f700000, 0x000000009f700000, 0x000000009f800000|  0%| F|  |TAMS 0x000000009f700000, 0x000000009f700000| Untracked 
| 504|0x000000009f800000, 0x000000009f800000, 0x000000009f900000|  0%| F|  |TAMS 0x000000009f800000, 0x000000009f800000| Untracked 
| 505|0x000000009f900000, 0x000000009f900000, 0x000000009fa00000|  0%| F|  |TAMS 0x000000009f900000, 0x000000009f900000| Untracked 
| 506|0x000000009fa00000, 0x000000009fa00000, 0x000000009fb00000|  0%| F|  |TAMS 0x000000009fa00000, 0x000000009fa00000| Untracked 
| 507|0x000000009fb00000, 0x000000009fb00000, 0x000000009fc00000|  0%| F|  |TAMS 0x000000009fb00000, 0x000000009fb00000| Untracked 
| 508|0x000000009fc00000, 0x000000009fc00000, 0x000000009fd00000|  0%| F|  |TAMS 0x000000009fc00000, 0x000000009fc00000| Untracked 
| 509|0x000000009fd00000, 0x000000009fd00000, 0x000000009fe00000|  0%| F|  |TAMS 0x000000009fd00000, 0x000000009fd00000| Untracked 
| 510|0x000000009fe00000, 0x000000009fe00000, 0x000000009ff00000|  0%| F|  |TAMS 0x000000009fe00000, 0x000000009fe00000| Untracked 
| 511|0x000000009ff00000, 0x000000009ff00000, 0x00000000a0000000|  0%| F|  |TAMS 0x000000009ff00000, 0x000000009ff00000| Untracked 
| 512|0x00000000a0000000, 0x00000000a00a1be0, 0x00000000a0100000| 63%| S|CS|TAMS 0x00000000a0000000, 0x00000000a0000000| Complete 
| 513|0x00000000a0100000, 0x00000000a0200000, 0x00000000a0200000|100%| S|CS|TAMS 0x00000000a0100000, 0x00000000a0100000| Complete 
| 514|0x00000000a0200000, 0x00000000a0300000, 0x00000000a0300000|100%| S|CS|TAMS 0x00000000a0200000, 0x00000000a0200000| Complete 
| 515|0x00000000a0300000, 0x00000000a0300000, 0x00000000a0400000|  0%| F|  |TAMS 0x00000000a0300000, 0x00000000a0300000| Untracked 
| 516|0x00000000a0400000, 0x00000000a0400000, 0x00000000a0500000|  0%| F|  |TAMS 0x00000000a0400000, 0x00000000a0400000| Untracked 
| 517|0x00000000a0500000, 0x00000000a0500000, 0x00000000a0600000|  0%| F|  |TAMS 0x00000000a0500000, 0x00000000a0500000| Untracked 
| 518|0x00000000a0600000, 0x00000000a0600000, 0x00000000a0700000|  0%| F|  |TAMS 0x00000000a0600000, 0x00000000a0600000| Untracked 
| 519|0x00000000a0700000, 0x00000000a0800000, 0x00000000a0800000|100%| S|CS|TAMS 0x00000000a0700000, 0x00000000a0700000| Complete 
| 520|0x00000000a0800000, 0x00000000a0900000, 0x00000000a0900000|100%| S|CS|TAMS 0x00000000a0800000, 0x00000000a0800000| Complete 
| 521|0x00000000a0900000, 0x00000000a0a00000, 0x00000000a0a00000|100%| S|CS|TAMS 0x00000000a0900000, 0x00000000a0900000| Complete 
| 522|0x00000000a0a00000, 0x00000000a0a00000, 0x00000000a0b00000|  0%| F|  |TAMS 0x00000000a0a00000, 0x00000000a0a00000| Untracked 
| 523|0x00000000a0b00000, 0x00000000a0b00000, 0x00000000a0c00000|  0%| F|  |TAMS 0x00000000a0b00000, 0x00000000a0b00000| Untracked 
| 524|0x00000000a0c00000, 0x00000000a0c00000, 0x00000000a0d00000|  0%| F|  |TAMS 0x00000000a0c00000, 0x00000000a0c00000| Untracked 
| 525|0x00000000a0d00000, 0x00000000a0d00000, 0x00000000a0e00000|  0%| F|  |TAMS 0x00000000a0d00000, 0x00000000a0d00000| Untracked 
| 526|0x00000000a0e00000, 0x00000000a0e00000, 0x00000000a0f00000|  0%| F|  |TAMS 0x00000000a0e00000, 0x00000000a0e00000| Untracked 
| 527|0x00000000a0f00000, 0x00000000a1000000, 0x00000000a1000000|100%| S|CS|TAMS 0x00000000a0f00000, 0x00000000a0f00000| Complete 
| 528|0x00000000a1000000, 0x00000000a1100000, 0x00000000a1100000|100%| S|CS|TAMS 0x00000000a1000000, 0x00000000a1000000| Complete 
| 529|0x00000000a1100000, 0x00000000a1200000, 0x00000000a1200000|100%| S|CS|TAMS 0x00000000a1100000, 0x00000000a1100000| Complete 
| 530|0x00000000a1200000, 0x00000000a1300000, 0x00000000a1300000|100%| S|CS|TAMS 0x00000000a1200000, 0x00000000a1200000| Complete 
| 531|0x00000000a1300000, 0x00000000a1400000, 0x00000000a1400000|100%| S|CS|TAMS 0x00000000a1300000, 0x00000000a1300000| Complete 
| 532|0x00000000a1400000, 0x00000000a1400000, 0x00000000a1500000|  0%| F|  |TAMS 0x00000000a1400000, 0x00000000a1400000| Untracked 
| 533|0x00000000a1500000, 0x00000000a1500000, 0x00000000a1600000|  0%| F|  |TAMS 0x00000000a1500000, 0x00000000a1500000| Untracked 
| 534|0x00000000a1600000, 0x00000000a1600000, 0x00000000a1700000|  0%| F|  |TAMS 0x00000000a1600000, 0x00000000a1600000| Untracked 
| 535|0x00000000a1700000, 0x00000000a1700000, 0x00000000a1800000|  0%| F|  |TAMS 0x00000000a1700000, 0x00000000a1700000| Untracked 
| 536|0x00000000a1800000, 0x00000000a1800000, 0x00000000a1900000|  0%| F|  |TAMS 0x00000000a1800000, 0x00000000a1800000| Untracked 
| 537|0x00000000a1900000, 0x00000000a1900000, 0x00000000a1a00000|  0%| F|  |TAMS 0x00000000a1900000, 0x00000000a1900000| Untracked 
| 538|0x00000000a1a00000, 0x00000000a1a00000, 0x00000000a1b00000|  0%| F|  |TAMS 0x00000000a1a00000, 0x00000000a1a00000| Untracked 
| 539|0x00000000a1b00000, 0x00000000a1b00000, 0x00000000a1c00000|  0%| F|  |TAMS 0x00000000a1b00000, 0x00000000a1b00000| Untracked 
| 540|0x00000000a1c00000, 0x00000000a1c00000, 0x00000000a1d00000|  0%| F|  |TAMS 0x00000000a1c00000, 0x00000000a1c00000| Untracked 
| 541|0x00000000a1d00000, 0x00000000a1d00000, 0x00000000a1e00000|  0%| F|  |TAMS 0x00000000a1d00000, 0x00000000a1d00000| Untracked 
| 542|0x00000000a1e00000, 0x00000000a1e00000, 0x00000000a1f00000|  0%| F|  |TAMS 0x00000000a1e00000, 0x00000000a1e00000| Untracked 
| 543|0x00000000a1f00000, 0x00000000a1f00000, 0x00000000a2000000|  0%| F|  |TAMS 0x00000000a1f00000, 0x00000000a1f00000| Untracked 
| 544|0x00000000a2000000, 0x00000000a2000000, 0x00000000a2100000|  0%| F|  |TAMS 0x00000000a2000000, 0x00000000a2000000| Untracked 
| 545|0x00000000a2100000, 0x00000000a2100000, 0x00000000a2200000|  0%| F|  |TAMS 0x00000000a2100000, 0x00000000a2100000| Untracked 
| 546|0x00000000a2200000, 0x00000000a2200000, 0x00000000a2300000|  0%| F|  |TAMS 0x00000000a2200000, 0x00000000a2200000| Untracked 
| 547|0x00000000a2300000, 0x00000000a2300000, 0x00000000a2400000|  0%| F|  |TAMS 0x00000000a2300000, 0x00000000a2300000| Untracked 
| 548|0x00000000a2400000, 0x00000000a2400000, 0x00000000a2500000|  0%| F|  |TAMS 0x00000000a2400000, 0x00000000a2400000| Untracked 
| 549|0x00000000a2500000, 0x00000000a2500000, 0x00000000a2600000|  0%| F|  |TAMS 0x00000000a2500000, 0x00000000a2500000| Untracked 
| 550|0x00000000a2600000, 0x00000000a2600000, 0x00000000a2700000|  0%| F|  |TAMS 0x00000000a2600000, 0x00000000a2600000| Untracked 
| 551|0x00000000a2700000, 0x00000000a2700000, 0x00000000a2800000|  0%| F|  |TAMS 0x00000000a2700000, 0x00000000a2700000| Untracked 
| 552|0x00000000a2800000, 0x00000000a2800000, 0x00000000a2900000|  0%| F|  |TAMS 0x00000000a2800000, 0x00000000a2800000| Untracked 
| 553|0x00000000a2900000, 0x00000000a2900000, 0x00000000a2a00000|  0%| F|  |TAMS 0x00000000a2900000, 0x00000000a2900000| Untracked 
| 554|0x00000000a2a00000, 0x00000000a2a00000, 0x00000000a2b00000|  0%| F|  |TAMS 0x00000000a2a00000, 0x00000000a2a00000| Untracked 
| 555|0x00000000a2b00000, 0x00000000a2b00000, 0x00000000a2c00000|  0%| F|  |TAMS 0x00000000a2b00000, 0x00000000a2b00000| Untracked 
| 556|0x00000000a2c00000, 0x00000000a2c00000, 0x00000000a2d00000|  0%| F|  |TAMS 0x00000000a2c00000, 0x00000000a2c00000| Untracked 
| 557|0x00000000a2d00000, 0x00000000a2d00000, 0x00000000a2e00000|  0%| F|  |TAMS 0x00000000a2d00000, 0x00000000a2d00000| Untracked 
| 558|0x00000000a2e00000, 0x00000000a2e00000, 0x00000000a2f00000|  0%| F|  |TAMS 0x00000000a2e00000, 0x00000000a2e00000| Untracked 
| 559|0x00000000a2f00000, 0x00000000a2f00000, 0x00000000a3000000|  0%| F|  |TAMS 0x00000000a2f00000, 0x00000000a2f00000| Untracked 
| 560|0x00000000a3000000, 0x00000000a3000000, 0x00000000a3100000|  0%| F|  |TAMS 0x00000000a3000000, 0x00000000a3000000| Untracked 
| 561|0x00000000a3100000, 0x00000000a3100000, 0x00000000a3200000|  0%| F|  |TAMS 0x00000000a3100000, 0x00000000a3100000| Untracked 
| 562|0x00000000a3200000, 0x00000000a3200000, 0x00000000a3300000|  0%| F|  |TAMS 0x00000000a3200000, 0x00000000a3200000| Untracked 
| 563|0x00000000a3300000, 0x00000000a3300000, 0x00000000a3400000|  0%| F|  |TAMS 0x00000000a3300000, 0x00000000a3300000| Untracked 
| 564|0x00000000a3400000, 0x00000000a3400000, 0x00000000a3500000|  0%| F|  |TAMS 0x00000000a3400000, 0x00000000a3400000| Untracked 
| 565|0x00000000a3500000, 0x00000000a3500000, 0x00000000a3600000|  0%| F|  |TAMS 0x00000000a3500000, 0x00000000a3500000| Untracked 
| 566|0x00000000a3600000, 0x00000000a3600000, 0x00000000a3700000|  0%| F|  |TAMS 0x00000000a3600000, 0x00000000a3600000| Untracked 
| 567|0x00000000a3700000, 0x00000000a3700000, 0x00000000a3800000|  0%| F|  |TAMS 0x00000000a3700000, 0x00000000a3700000| Untracked 
| 568|0x00000000a3800000, 0x00000000a3800000, 0x00000000a3900000|  0%| F|  |TAMS 0x00000000a3800000, 0x00000000a3800000| Untracked 
| 569|0x00000000a3900000, 0x00000000a3900000, 0x00000000a3a00000|  0%| F|  |TAMS 0x00000000a3900000, 0x00000000a3900000| Untracked 
| 570|0x00000000a3a00000, 0x00000000a3a00000, 0x00000000a3b00000|  0%| F|  |TAMS 0x00000000a3a00000, 0x00000000a3a00000| Untracked 
| 571|0x00000000a3b00000, 0x00000000a3b00000, 0x00000000a3c00000|  0%| F|  |TAMS 0x00000000a3b00000, 0x00000000a3b00000| Untracked 
| 572|0x00000000a3c00000, 0x00000000a3c00000, 0x00000000a3d00000|  0%| F|  |TAMS 0x00000000a3c00000, 0x00000000a3c00000| Untracked 
| 573|0x00000000a3d00000, 0x00000000a3d00000, 0x00000000a3e00000|  0%| F|  |TAMS 0x00000000a3d00000, 0x00000000a3d00000| Untracked 
| 574|0x00000000a3e00000, 0x00000000a3e00000, 0x00000000a3f00000|  0%| F|  |TAMS 0x00000000a3e00000, 0x00000000a3e00000| Untracked 
| 575|0x00000000a3f00000, 0x00000000a3f00000, 0x00000000a4000000|  0%| F|  |TAMS 0x00000000a3f00000, 0x00000000a3f00000| Untracked 
| 576|0x00000000a4000000, 0x00000000a4000000, 0x00000000a4100000|  0%| F|  |TAMS 0x00000000a4000000, 0x00000000a4000000| Untracked 
| 577|0x00000000a4100000, 0x00000000a4100000, 0x00000000a4200000|  0%| F|  |TAMS 0x00000000a4100000, 0x00000000a4100000| Untracked 
| 578|0x00000000a4200000, 0x00000000a4200000, 0x00000000a4300000|  0%| F|  |TAMS 0x00000000a4200000, 0x00000000a4200000| Untracked 
| 579|0x00000000a4300000, 0x00000000a4300000, 0x00000000a4400000|  0%| F|  |TAMS 0x00000000a4300000, 0x00000000a4300000| Untracked 
| 580|0x00000000a4400000, 0x00000000a4400000, 0x00000000a4500000|  0%| F|  |TAMS 0x00000000a4400000, 0x00000000a4400000| Untracked 
| 581|0x00000000a4500000, 0x00000000a4500000, 0x00000000a4600000|  0%| F|  |TAMS 0x00000000a4500000, 0x00000000a4500000| Untracked 
| 582|0x00000000a4600000, 0x00000000a4600000, 0x00000000a4700000|  0%| F|  |TAMS 0x00000000a4600000, 0x00000000a4600000| Untracked 
| 583|0x00000000a4700000, 0x00000000a4700000, 0x00000000a4800000|  0%| F|  |TAMS 0x00000000a4700000, 0x00000000a4700000| Untracked 
| 584|0x00000000a4800000, 0x00000000a4800000, 0x00000000a4900000|  0%| F|  |TAMS 0x00000000a4800000, 0x00000000a4800000| Untracked 
| 585|0x00000000a4900000, 0x00000000a4900000, 0x00000000a4a00000|  0%| F|  |TAMS 0x00000000a4900000, 0x00000000a4900000| Untracked 
| 586|0x00000000a4a00000, 0x00000000a4a00000, 0x00000000a4b00000|  0%| F|  |TAMS 0x00000000a4a00000, 0x00000000a4a00000| Untracked 
| 587|0x00000000a4b00000, 0x00000000a4b00000, 0x00000000a4c00000|  0%| F|  |TAMS 0x00000000a4b00000, 0x00000000a4b00000| Untracked 
| 588|0x00000000a4c00000, 0x00000000a4c00000, 0x00000000a4d00000|  0%| F|  |TAMS 0x00000000a4c00000, 0x00000000a4c00000| Untracked 
| 589|0x00000000a4d00000, 0x00000000a4d00000, 0x00000000a4e00000|  0%| F|  |TAMS 0x00000000a4d00000, 0x00000000a4d00000| Untracked 
| 590|0x00000000a4e00000, 0x00000000a4e00000, 0x00000000a4f00000|  0%| F|  |TAMS 0x00000000a4e00000, 0x00000000a4e00000| Untracked 
| 591|0x00000000a4f00000, 0x00000000a4f00000, 0x00000000a5000000|  0%| F|  |TAMS 0x00000000a4f00000, 0x00000000a4f00000| Untracked 
| 592|0x00000000a5000000, 0x00000000a5000000, 0x00000000a5100000|  0%| F|  |TAMS 0x00000000a5000000, 0x00000000a5000000| Untracked 
| 593|0x00000000a5100000, 0x00000000a5100000, 0x00000000a5200000|  0%| F|  |TAMS 0x00000000a5100000, 0x00000000a5100000| Untracked 
| 594|0x00000000a5200000, 0x00000000a5200000, 0x00000000a5300000|  0%| F|  |TAMS 0x00000000a5200000, 0x00000000a5200000| Untracked 
| 595|0x00000000a5300000, 0x00000000a5300000, 0x00000000a5400000|  0%| F|  |TAMS 0x00000000a5300000, 0x00000000a5300000| Untracked 
| 596|0x00000000a5400000, 0x00000000a5400000, 0x00000000a5500000|  0%| F|  |TAMS 0x00000000a5400000, 0x00000000a5400000| Untracked 
| 597|0x00000000a5500000, 0x00000000a5500000, 0x00000000a5600000|  0%| F|  |TAMS 0x00000000a5500000, 0x00000000a5500000| Untracked 
| 598|0x00000000a5600000, 0x00000000a5600000, 0x00000000a5700000|  0%| F|  |TAMS 0x00000000a5600000, 0x00000000a5600000| Untracked 
| 599|0x00000000a5700000, 0x00000000a5700000, 0x00000000a5800000|  0%| F|  |TAMS 0x00000000a5700000, 0x00000000a5700000| Untracked 
| 600|0x00000000a5800000, 0x00000000a5800000, 0x00000000a5900000|  0%| F|  |TAMS 0x00000000a5800000, 0x00000000a5800000| Untracked 
| 601|0x00000000a5900000, 0x00000000a5900000, 0x00000000a5a00000|  0%| F|  |TAMS 0x00000000a5900000, 0x00000000a5900000| Untracked 
| 602|0x00000000a5a00000, 0x00000000a5a00000, 0x00000000a5b00000|  0%| F|  |TAMS 0x00000000a5a00000, 0x00000000a5a00000| Untracked 
| 603|0x00000000a5b00000, 0x00000000a5b00000, 0x00000000a5c00000|  0%| F|  |TAMS 0x00000000a5b00000, 0x00000000a5b00000| Untracked 
| 604|0x00000000a5c00000, 0x00000000a5c00000, 0x00000000a5d00000|  0%| F|  |TAMS 0x00000000a5c00000, 0x00000000a5c00000| Untracked 
| 605|0x00000000a5d00000, 0x00000000a5d00000, 0x00000000a5e00000|  0%| F|  |TAMS 0x00000000a5d00000, 0x00000000a5d00000| Untracked 
| 606|0x00000000a5e00000, 0x00000000a5e00000, 0x00000000a5f00000|  0%| F|  |TAMS 0x00000000a5e00000, 0x00000000a5e00000| Untracked 
| 607|0x00000000a5f00000, 0x00000000a5f00000, 0x00000000a6000000|  0%| F|  |TAMS 0x00000000a5f00000, 0x00000000a5f00000| Untracked 
| 608|0x00000000a6000000, 0x00000000a6000000, 0x00000000a6100000|  0%| F|  |TAMS 0x00000000a6000000, 0x00000000a6000000| Untracked 
| 609|0x00000000a6100000, 0x00000000a6100000, 0x00000000a6200000|  0%| F|  |TAMS 0x00000000a6100000, 0x00000000a6100000| Untracked 
| 610|0x00000000a6200000, 0x00000000a6200000, 0x00000000a6300000|  0%| F|  |TAMS 0x00000000a6200000, 0x00000000a6200000| Untracked 
| 611|0x00000000a6300000, 0x00000000a6300000, 0x00000000a6400000|  0%| F|  |TAMS 0x00000000a6300000, 0x00000000a6300000| Untracked 
| 612|0x00000000a6400000, 0x00000000a6400000, 0x00000000a6500000|  0%| F|  |TAMS 0x00000000a6400000, 0x00000000a6400000| Untracked 
| 613|0x00000000a6500000, 0x00000000a6500000, 0x00000000a6600000|  0%| F|  |TAMS 0x00000000a6500000, 0x00000000a6500000| Untracked 
| 614|0x00000000a6600000, 0x00000000a6600000, 0x00000000a6700000|  0%| F|  |TAMS 0x00000000a6600000, 0x00000000a6600000| Untracked 
| 615|0x00000000a6700000, 0x00000000a6700000, 0x00000000a6800000|  0%| F|  |TAMS 0x00000000a6700000, 0x00000000a6700000| Untracked 
| 616|0x00000000a6800000, 0x00000000a6800000, 0x00000000a6900000|  0%| F|  |TAMS 0x00000000a6800000, 0x00000000a6800000| Untracked 
| 617|0x00000000a6900000, 0x00000000a6900000, 0x00000000a6a00000|  0%| F|  |TAMS 0x00000000a6900000, 0x00000000a6900000| Untracked 
| 618|0x00000000a6a00000, 0x00000000a6a00000, 0x00000000a6b00000|  0%| F|  |TAMS 0x00000000a6a00000, 0x00000000a6a00000| Untracked 
| 619|0x00000000a6b00000, 0x00000000a6b00000, 0x00000000a6c00000|  0%| F|  |TAMS 0x00000000a6b00000, 0x00000000a6b00000| Untracked 
| 620|0x00000000a6c00000, 0x00000000a6c00000, 0x00000000a6d00000|  0%| F|  |TAMS 0x00000000a6c00000, 0x00000000a6c00000| Untracked 
| 621|0x00000000a6d00000, 0x00000000a6d00000, 0x00000000a6e00000|  0%| F|  |TAMS 0x00000000a6d00000, 0x00000000a6d00000| Untracked 
| 622|0x00000000a6e00000, 0x00000000a6e00000, 0x00000000a6f00000|  0%| F|  |TAMS 0x00000000a6e00000, 0x00000000a6e00000| Untracked 
| 623|0x00000000a6f00000, 0x00000000a6f00000, 0x00000000a7000000|  0%| F|  |TAMS 0x00000000a6f00000, 0x00000000a6f00000| Untracked 
| 624|0x00000000a7000000, 0x00000000a7000000, 0x00000000a7100000|  0%| F|  |TAMS 0x00000000a7000000, 0x00000000a7000000| Untracked 
| 625|0x00000000a7100000, 0x00000000a7100000, 0x00000000a7200000|  0%| F|  |TAMS 0x00000000a7100000, 0x00000000a7100000| Untracked 
| 626|0x00000000a7200000, 0x00000000a7200000, 0x00000000a7300000|  0%| F|  |TAMS 0x00000000a7200000, 0x00000000a7200000| Untracked 
| 627|0x00000000a7300000, 0x00000000a7300000, 0x00000000a7400000|  0%| F|  |TAMS 0x00000000a7300000, 0x00000000a7300000| Untracked 
| 628|0x00000000a7400000, 0x00000000a7400000, 0x00000000a7500000|  0%| F|  |TAMS 0x00000000a7400000, 0x00000000a7400000| Untracked 
| 629|0x00000000a7500000, 0x00000000a7500000, 0x00000000a7600000|  0%| F|  |TAMS 0x00000000a7500000, 0x00000000a7500000| Untracked 
| 630|0x00000000a7600000, 0x00000000a7600000, 0x00000000a7700000|  0%| F|  |TAMS 0x00000000a7600000, 0x00000000a7600000| Untracked 
| 631|0x00000000a7700000, 0x00000000a7700000, 0x00000000a7800000|  0%| F|  |TAMS 0x00000000a7700000, 0x00000000a7700000| Untracked 
| 632|0x00000000a7800000, 0x00000000a7800000, 0x00000000a7900000|  0%| F|  |TAMS 0x00000000a7800000, 0x00000000a7800000| Untracked 
| 633|0x00000000a7900000, 0x00000000a7900000, 0x00000000a7a00000|  0%| F|  |TAMS 0x00000000a7900000, 0x00000000a7900000| Untracked 
| 634|0x00000000a7a00000, 0x00000000a7a00000, 0x00000000a7b00000|  0%| F|  |TAMS 0x00000000a7a00000, 0x00000000a7a00000| Untracked 
| 635|0x00000000a7b00000, 0x00000000a7b00000, 0x00000000a7c00000|  0%| F|  |TAMS 0x00000000a7b00000, 0x00000000a7b00000| Untracked 
| 636|0x00000000a7c00000, 0x00000000a7c00000, 0x00000000a7d00000|  0%| F|  |TAMS 0x00000000a7c00000, 0x00000000a7c00000| Untracked 
| 637|0x00000000a7d00000, 0x00000000a7d00000, 0x00000000a7e00000|  0%| F|  |TAMS 0x00000000a7d00000, 0x00000000a7d00000| Untracked 
| 638|0x00000000a7e00000, 0x00000000a7e00000, 0x00000000a7f00000|  0%| F|  |TAMS 0x00000000a7e00000, 0x00000000a7e00000| Untracked 
| 639|0x00000000a7f00000, 0x00000000a7f00000, 0x00000000a8000000|  0%| F|  |TAMS 0x00000000a7f00000, 0x00000000a7f00000| Untracked 
| 640|0x00000000a8000000, 0x00000000a8000000, 0x00000000a8100000|  0%| F|  |TAMS 0x00000000a8000000, 0x00000000a8000000| Untracked 
| 641|0x00000000a8100000, 0x00000000a8100000, 0x00000000a8200000|  0%| F|  |TAMS 0x00000000a8100000, 0x00000000a8100000| Untracked 
| 642|0x00000000a8200000, 0x00000000a8200000, 0x00000000a8300000|  0%| F|  |TAMS 0x00000000a8200000, 0x00000000a8200000| Untracked 
| 643|0x00000000a8300000, 0x00000000a8300000, 0x00000000a8400000|  0%| F|  |TAMS 0x00000000a8300000, 0x00000000a8300000| Untracked 
| 644|0x00000000a8400000, 0x00000000a8400000, 0x00000000a8500000|  0%| F|  |TAMS 0x00000000a8400000, 0x00000000a8400000| Untracked 
| 645|0x00000000a8500000, 0x00000000a8500000, 0x00000000a8600000|  0%| F|  |TAMS 0x00000000a8500000, 0x00000000a8500000| Untracked 
| 646|0x00000000a8600000, 0x00000000a8600000, 0x00000000a8700000|  0%| F|  |TAMS 0x00000000a8600000, 0x00000000a8600000| Untracked 
| 647|0x00000000a8700000, 0x00000000a8700000, 0x00000000a8800000|  0%| F|  |TAMS 0x00000000a8700000, 0x00000000a8700000| Untracked 
| 648|0x00000000a8800000, 0x00000000a8800000, 0x00000000a8900000|  0%| F|  |TAMS 0x00000000a8800000, 0x00000000a8800000| Untracked 
| 649|0x00000000a8900000, 0x00000000a8900000, 0x00000000a8a00000|  0%| F|  |TAMS 0x00000000a8900000, 0x00000000a8900000| Untracked 
| 650|0x00000000a8a00000, 0x00000000a8a00000, 0x00000000a8b00000|  0%| F|  |TAMS 0x00000000a8a00000, 0x00000000a8a00000| Untracked 
| 651|0x00000000a8b00000, 0x00000000a8b00000, 0x00000000a8c00000|  0%| F|  |TAMS 0x00000000a8b00000, 0x00000000a8b00000| Untracked 
| 652|0x00000000a8c00000, 0x00000000a8c00000, 0x00000000a8d00000|  0%| F|  |TAMS 0x00000000a8c00000, 0x00000000a8c00000| Untracked 
| 653|0x00000000a8d00000, 0x00000000a8d00000, 0x00000000a8e00000|  0%| F|  |TAMS 0x00000000a8d00000, 0x00000000a8d00000| Untracked 
| 654|0x00000000a8e00000, 0x00000000a8e00000, 0x00000000a8f00000|  0%| F|  |TAMS 0x00000000a8e00000, 0x00000000a8e00000| Untracked 
| 655|0x00000000a8f00000, 0x00000000a8f00000, 0x00000000a9000000|  0%| F|  |TAMS 0x00000000a8f00000, 0x00000000a8f00000| Untracked 
| 656|0x00000000a9000000, 0x00000000a9000000, 0x00000000a9100000|  0%| F|  |TAMS 0x00000000a9000000, 0x00000000a9000000| Untracked 
| 657|0x00000000a9100000, 0x00000000a9100000, 0x00000000a9200000|  0%| F|  |TAMS 0x00000000a9100000, 0x00000000a9100000| Untracked 
| 658|0x00000000a9200000, 0x00000000a9200000, 0x00000000a9300000|  0%| F|  |TAMS 0x00000000a9200000, 0x00000000a9200000| Untracked 
| 659|0x00000000a9300000, 0x00000000a9300000, 0x00000000a9400000|  0%| F|  |TAMS 0x00000000a9300000, 0x00000000a9300000| Untracked 
| 660|0x00000000a9400000, 0x00000000a9400000, 0x00000000a9500000|  0%| F|  |TAMS 0x00000000a9400000, 0x00000000a9400000| Untracked 
| 661|0x00000000a9500000, 0x00000000a9500000, 0x00000000a9600000|  0%| F|  |TAMS 0x00000000a9500000, 0x00000000a9500000| Untracked 
| 662|0x00000000a9600000, 0x00000000a9600000, 0x00000000a9700000|  0%| F|  |TAMS 0x00000000a9600000, 0x00000000a9600000| Untracked 
| 663|0x00000000a9700000, 0x00000000a9700000, 0x00000000a9800000|  0%| F|  |TAMS 0x00000000a9700000, 0x00000000a9700000| Untracked 
| 664|0x00000000a9800000, 0x00000000a9800000, 0x00000000a9900000|  0%| F|  |TAMS 0x00000000a9800000, 0x00000000a9800000| Untracked 
| 665|0x00000000a9900000, 0x00000000a9900000, 0x00000000a9a00000|  0%| F|  |TAMS 0x00000000a9900000, 0x00000000a9900000| Untracked 
| 666|0x00000000a9a00000, 0x00000000a9a00000, 0x00000000a9b00000|  0%| F|  |TAMS 0x00000000a9a00000, 0x00000000a9a00000| Untracked 
| 667|0x00000000a9b00000, 0x00000000a9b00000, 0x00000000a9c00000|  0%| F|  |TAMS 0x00000000a9b00000, 0x00000000a9b00000| Untracked 
| 668|0x00000000a9c00000, 0x00000000a9c00000, 0x00000000a9d00000|  0%| F|  |TAMS 0x00000000a9c00000, 0x00000000a9c00000| Untracked 
| 669|0x00000000a9d00000, 0x00000000a9d00000, 0x00000000a9e00000|  0%| F|  |TAMS 0x00000000a9d00000, 0x00000000a9d00000| Untracked 
| 670|0x00000000a9e00000, 0x00000000a9e00000, 0x00000000a9f00000|  0%| F|  |TAMS 0x00000000a9e00000, 0x00000000a9e00000| Untracked 
| 671|0x00000000a9f00000, 0x00000000a9f00000, 0x00000000aa000000|  0%| F|  |TAMS 0x00000000a9f00000, 0x00000000a9f00000| Untracked 
| 672|0x00000000aa000000, 0x00000000aa000000, 0x00000000aa100000|  0%| F|  |TAMS 0x00000000aa000000, 0x00000000aa000000| Untracked 
| 673|0x00000000aa100000, 0x00000000aa100000, 0x00000000aa200000|  0%| F|  |TAMS 0x00000000aa100000, 0x00000000aa100000| Untracked 
| 674|0x00000000aa200000, 0x00000000aa200000, 0x00000000aa300000|  0%| F|  |TAMS 0x00000000aa200000, 0x00000000aa200000| Untracked 
| 675|0x00000000aa300000, 0x00000000aa300000, 0x00000000aa400000|  0%| F|  |TAMS 0x00000000aa300000, 0x00000000aa300000| Untracked 
| 676|0x00000000aa400000, 0x00000000aa400000, 0x00000000aa500000|  0%| F|  |TAMS 0x00000000aa400000, 0x00000000aa400000| Untracked 
| 677|0x00000000aa500000, 0x00000000aa500000, 0x00000000aa600000|  0%| F|  |TAMS 0x00000000aa500000, 0x00000000aa500000| Untracked 
| 678|0x00000000aa600000, 0x00000000aa600000, 0x00000000aa700000|  0%| F|  |TAMS 0x00000000aa600000, 0x00000000aa600000| Untracked 
| 679|0x00000000aa700000, 0x00000000aa700000, 0x00000000aa800000|  0%| F|  |TAMS 0x00000000aa700000, 0x00000000aa700000| Untracked 
| 680|0x00000000aa800000, 0x00000000aa800000, 0x00000000aa900000|  0%| F|  |TAMS 0x00000000aa800000, 0x00000000aa800000| Untracked 
| 681|0x00000000aa900000, 0x00000000aa900000, 0x00000000aaa00000|  0%| F|  |TAMS 0x00000000aa900000, 0x00000000aa900000| Untracked 
| 682|0x00000000aaa00000, 0x00000000aaa00000, 0x00000000aab00000|  0%| F|  |TAMS 0x00000000aaa00000, 0x00000000aaa00000| Untracked 
| 683|0x00000000aab00000, 0x00000000aab00000, 0x00000000aac00000|  0%| F|  |TAMS 0x00000000aab00000, 0x00000000aab00000| Untracked 
| 684|0x00000000aac00000, 0x00000000aac00000, 0x00000000aad00000|  0%| F|  |TAMS 0x00000000aac00000, 0x00000000aac00000| Untracked 
| 685|0x00000000aad00000, 0x00000000aad00000, 0x00000000aae00000|  0%| F|  |TAMS 0x00000000aad00000, 0x00000000aad00000| Untracked 
| 686|0x00000000aae00000, 0x00000000aae00000, 0x00000000aaf00000|  0%| F|  |TAMS 0x00000000aae00000, 0x00000000aae00000| Untracked 
| 687|0x00000000aaf00000, 0x00000000aaf00000, 0x00000000ab000000|  0%| F|  |TAMS 0x00000000aaf00000, 0x00000000aaf00000| Untracked 
| 688|0x00000000ab000000, 0x00000000ab000000, 0x00000000ab100000|  0%| F|  |TAMS 0x00000000ab000000, 0x00000000ab000000| Untracked 
| 689|0x00000000ab100000, 0x00000000ab100000, 0x00000000ab200000|  0%| F|  |TAMS 0x00000000ab100000, 0x00000000ab100000| Untracked 
| 690|0x00000000ab200000, 0x00000000ab200000, 0x00000000ab300000|  0%| F|  |TAMS 0x00000000ab200000, 0x00000000ab200000| Untracked 
| 691|0x00000000ab300000, 0x00000000ab300000, 0x00000000ab400000|  0%| F|  |TAMS 0x00000000ab300000, 0x00000000ab300000| Untracked 
| 692|0x00000000ab400000, 0x00000000ab400000, 0x00000000ab500000|  0%| F|  |TAMS 0x00000000ab400000, 0x00000000ab400000| Untracked 
| 693|0x00000000ab500000, 0x00000000ab500000, 0x00000000ab600000|  0%| F|  |TAMS 0x00000000ab500000, 0x00000000ab500000| Untracked 
| 694|0x00000000ab600000, 0x00000000ab600000, 0x00000000ab700000|  0%| F|  |TAMS 0x00000000ab600000, 0x00000000ab600000| Untracked 
| 695|0x00000000ab700000, 0x00000000ab700000, 0x00000000ab800000|  0%| F|  |TAMS 0x00000000ab700000, 0x00000000ab700000| Untracked 
| 696|0x00000000ab800000, 0x00000000ab800000, 0x00000000ab900000|  0%| F|  |TAMS 0x00000000ab800000, 0x00000000ab800000| Untracked 
| 697|0x00000000ab900000, 0x00000000ab900000, 0x00000000aba00000|  0%| F|  |TAMS 0x00000000ab900000, 0x00000000ab900000| Untracked 
| 698|0x00000000aba00000, 0x00000000aba00000, 0x00000000abb00000|  0%| F|  |TAMS 0x00000000aba00000, 0x00000000aba00000| Untracked 
| 699|0x00000000abb00000, 0x00000000abb00000, 0x00000000abc00000|  0%| F|  |TAMS 0x00000000abb00000, 0x00000000abb00000| Untracked 
| 700|0x00000000abc00000, 0x00000000abc00000, 0x00000000abd00000|  0%| F|  |TAMS 0x00000000abc00000, 0x00000000abc00000| Untracked 
| 701|0x00000000abd00000, 0x00000000abd00000, 0x00000000abe00000|  0%| F|  |TAMS 0x00000000abd00000, 0x00000000abd00000| Untracked 
| 702|0x00000000abe00000, 0x00000000abe00000, 0x00000000abf00000|  0%| F|  |TAMS 0x00000000abe00000, 0x00000000abe00000| Untracked 
| 703|0x00000000abf00000, 0x00000000abf00000, 0x00000000ac000000|  0%| F|  |TAMS 0x00000000abf00000, 0x00000000abf00000| Untracked 
| 704|0x00000000ac000000, 0x00000000ac000000, 0x00000000ac100000|  0%| F|  |TAMS 0x00000000ac000000, 0x00000000ac000000| Untracked 
| 705|0x00000000ac100000, 0x00000000ac100000, 0x00000000ac200000|  0%| F|  |TAMS 0x00000000ac100000, 0x00000000ac100000| Untracked 
| 706|0x00000000ac200000, 0x00000000ac200000, 0x00000000ac300000|  0%| F|  |TAMS 0x00000000ac200000, 0x00000000ac200000| Untracked 
| 707|0x00000000ac300000, 0x00000000ac300000, 0x00000000ac400000|  0%| F|  |TAMS 0x00000000ac300000, 0x00000000ac300000| Untracked 
| 708|0x00000000ac400000, 0x00000000ac400000, 0x00000000ac500000|  0%| F|  |TAMS 0x00000000ac400000, 0x00000000ac400000| Untracked 
| 709|0x00000000ac500000, 0x00000000ac500000, 0x00000000ac600000|  0%| F|  |TAMS 0x00000000ac500000, 0x00000000ac500000| Untracked 
| 710|0x00000000ac600000, 0x00000000ac600000, 0x00000000ac700000|  0%| F|  |TAMS 0x00000000ac600000, 0x00000000ac600000| Untracked 
| 711|0x00000000ac700000, 0x00000000ac700000, 0x00000000ac800000|  0%| F|  |TAMS 0x00000000ac700000, 0x00000000ac700000| Untracked 
| 712|0x00000000ac800000, 0x00000000ac800000, 0x00000000ac900000|  0%| F|  |TAMS 0x00000000ac800000, 0x00000000ac800000| Untracked 
| 713|0x00000000ac900000, 0x00000000ac900000, 0x00000000aca00000|  0%| F|  |TAMS 0x00000000ac900000, 0x00000000ac900000| Untracked 
| 714|0x00000000aca00000, 0x00000000aca00000, 0x00000000acb00000|  0%| F|  |TAMS 0x00000000aca00000, 0x00000000aca00000| Untracked 
| 715|0x00000000acb00000, 0x00000000acb00000, 0x00000000acc00000|  0%| F|  |TAMS 0x00000000acb00000, 0x00000000acb00000| Untracked 
| 716|0x00000000acc00000, 0x00000000acc00000, 0x00000000acd00000|  0%| F|  |TAMS 0x00000000acc00000, 0x00000000acc00000| Untracked 
| 717|0x00000000acd00000, 0x00000000acd00000, 0x00000000ace00000|  0%| F|  |TAMS 0x00000000acd00000, 0x00000000acd00000| Untracked 
| 718|0x00000000ace00000, 0x00000000ace00000, 0x00000000acf00000|  0%| F|  |TAMS 0x00000000ace00000, 0x00000000ace00000| Untracked 
| 719|0x00000000acf00000, 0x00000000acf00000, 0x00000000ad000000|  0%| F|  |TAMS 0x00000000acf00000, 0x00000000acf00000| Untracked 
| 720|0x00000000ad000000, 0x00000000ad000000, 0x00000000ad100000|  0%| F|  |TAMS 0x00000000ad000000, 0x00000000ad000000| Untracked 
| 721|0x00000000ad100000, 0x00000000ad100000, 0x00000000ad200000|  0%| F|  |TAMS 0x00000000ad100000, 0x00000000ad100000| Untracked 
| 722|0x00000000ad200000, 0x00000000ad200000, 0x00000000ad300000|  0%| F|  |TAMS 0x00000000ad200000, 0x00000000ad200000| Untracked 
| 723|0x00000000ad300000, 0x00000000ad300000, 0x00000000ad400000|  0%| F|  |TAMS 0x00000000ad300000, 0x00000000ad300000| Untracked 
| 724|0x00000000ad400000, 0x00000000ad400000, 0x00000000ad500000|  0%| F|  |TAMS 0x00000000ad400000, 0x00000000ad400000| Untracked 
| 725|0x00000000ad500000, 0x00000000ad500000, 0x00000000ad600000|  0%| F|  |TAMS 0x00000000ad500000, 0x00000000ad500000| Untracked 
| 726|0x00000000ad600000, 0x00000000ad600000, 0x00000000ad700000|  0%| F|  |TAMS 0x00000000ad600000, 0x00000000ad600000| Untracked 
| 727|0x00000000ad700000, 0x00000000ad700000, 0x00000000ad800000|  0%| F|  |TAMS 0x00000000ad700000, 0x00000000ad700000| Untracked 
| 728|0x00000000ad800000, 0x00000000ad800000, 0x00000000ad900000|  0%| F|  |TAMS 0x00000000ad800000, 0x00000000ad800000| Untracked 
| 729|0x00000000ad900000, 0x00000000ad900000, 0x00000000ada00000|  0%| F|  |TAMS 0x00000000ad900000, 0x00000000ad900000| Untracked 
| 730|0x00000000ada00000, 0x00000000ada00000, 0x00000000adb00000|  0%| F|  |TAMS 0x00000000ada00000, 0x00000000ada00000| Untracked 
| 731|0x00000000adb00000, 0x00000000adb00000, 0x00000000adc00000|  0%| F|  |TAMS 0x00000000adb00000, 0x00000000adb00000| Untracked 
| 732|0x00000000adc00000, 0x00000000adc00000, 0x00000000add00000|  0%| F|  |TAMS 0x00000000adc00000, 0x00000000adc00000| Untracked 
| 733|0x00000000add00000, 0x00000000add00000, 0x00000000ade00000|  0%| F|  |TAMS 0x00000000add00000, 0x00000000add00000| Untracked 
| 734|0x00000000ade00000, 0x00000000ade00000, 0x00000000adf00000|  0%| F|  |TAMS 0x00000000ade00000, 0x00000000ade00000| Untracked 
| 735|0x00000000adf00000, 0x00000000adf00000, 0x00000000ae000000|  0%| F|  |TAMS 0x00000000adf00000, 0x00000000adf00000| Untracked 
| 736|0x00000000ae000000, 0x00000000ae000000, 0x00000000ae100000|  0%| F|  |TAMS 0x00000000ae000000, 0x00000000ae000000| Untracked 
| 737|0x00000000ae100000, 0x00000000ae100000, 0x00000000ae200000|  0%| F|  |TAMS 0x00000000ae100000, 0x00000000ae100000| Untracked 
| 738|0x00000000ae200000, 0x00000000ae200000, 0x00000000ae300000|  0%| F|  |TAMS 0x00000000ae200000, 0x00000000ae200000| Untracked 
| 739|0x00000000ae300000, 0x00000000ae300000, 0x00000000ae400000|  0%| F|  |TAMS 0x00000000ae300000, 0x00000000ae300000| Untracked 
| 740|0x00000000ae400000, 0x00000000ae400000, 0x00000000ae500000|  0%| F|  |TAMS 0x00000000ae400000, 0x00000000ae400000| Untracked 
| 741|0x00000000ae500000, 0x00000000ae500000, 0x00000000ae600000|  0%| F|  |TAMS 0x00000000ae500000, 0x00000000ae500000| Untracked 
| 742|0x00000000ae600000, 0x00000000ae600000, 0x00000000ae700000|  0%| F|  |TAMS 0x00000000ae600000, 0x00000000ae600000| Untracked 
| 743|0x00000000ae700000, 0x00000000ae700000, 0x00000000ae800000|  0%| F|  |TAMS 0x00000000ae700000, 0x00000000ae700000| Untracked 
| 744|0x00000000ae800000, 0x00000000ae800000, 0x00000000ae900000|  0%| F|  |TAMS 0x00000000ae800000, 0x00000000ae800000| Untracked 
| 745|0x00000000ae900000, 0x00000000ae900000, 0x00000000aea00000|  0%| F|  |TAMS 0x00000000ae900000, 0x00000000ae900000| Untracked 
| 746|0x00000000aea00000, 0x00000000aea00000, 0x00000000aeb00000|  0%| F|  |TAMS 0x00000000aea00000, 0x00000000aea00000| Untracked 
| 747|0x00000000aeb00000, 0x00000000aeb00000, 0x00000000aec00000|  0%| F|  |TAMS 0x00000000aeb00000, 0x00000000aeb00000| Untracked 
| 748|0x00000000aec00000, 0x00000000aec00000, 0x00000000aed00000|  0%| F|  |TAMS 0x00000000aec00000, 0x00000000aec00000| Untracked 
| 749|0x00000000aed00000, 0x00000000aed00000, 0x00000000aee00000|  0%| F|  |TAMS 0x00000000aed00000, 0x00000000aed00000| Untracked 
| 750|0x00000000aee00000, 0x00000000aee00000, 0x00000000aef00000|  0%| F|  |TAMS 0x00000000aee00000, 0x00000000aee00000| Untracked 
| 751|0x00000000aef00000, 0x00000000aef00000, 0x00000000af000000|  0%| F|  |TAMS 0x00000000aef00000, 0x00000000aef00000| Untracked 
| 752|0x00000000af000000, 0x00000000af000000, 0x00000000af100000|  0%| F|  |TAMS 0x00000000af000000, 0x00000000af000000| Untracked 
| 753|0x00000000af100000, 0x00000000af100000, 0x00000000af200000|  0%| F|  |TAMS 0x00000000af100000, 0x00000000af100000| Untracked 
| 754|0x00000000af200000, 0x00000000af200000, 0x00000000af300000|  0%| F|  |TAMS 0x00000000af200000, 0x00000000af200000| Untracked 
| 755|0x00000000af300000, 0x00000000af300000, 0x00000000af400000|  0%| F|  |TAMS 0x00000000af300000, 0x00000000af300000| Untracked 
| 756|0x00000000af400000, 0x00000000af400000, 0x00000000af500000|  0%| F|  |TAMS 0x00000000af400000, 0x00000000af400000| Untracked 
| 757|0x00000000af500000, 0x00000000af500000, 0x00000000af600000|  0%| F|  |TAMS 0x00000000af500000, 0x00000000af500000| Untracked 
| 758|0x00000000af600000, 0x00000000af600000, 0x00000000af700000|  0%| F|  |TAMS 0x00000000af600000, 0x00000000af600000| Untracked 
| 759|0x00000000af700000, 0x00000000af700000, 0x00000000af800000|  0%| F|  |TAMS 0x00000000af700000, 0x00000000af700000| Untracked 
| 760|0x00000000af800000, 0x00000000af800000, 0x00000000af900000|  0%| F|  |TAMS 0x00000000af800000, 0x00000000af800000| Untracked 
| 761|0x00000000af900000, 0x00000000af900000, 0x00000000afa00000|  0%| F|  |TAMS 0x00000000af900000, 0x00000000af900000| Untracked 
| 762|0x00000000afa00000, 0x00000000afa00000, 0x00000000afb00000|  0%| F|  |TAMS 0x00000000afa00000, 0x00000000afa00000| Untracked 
| 763|0x00000000afb00000, 0x00000000afb00000, 0x00000000afc00000|  0%| F|  |TAMS 0x00000000afb00000, 0x00000000afb00000| Untracked 

Card table byte_map: [0x0000017d99030000,0x0000017d99430000] _byte_map_base: 0x0000017d98c30000

Marking Bits (Prev, Next): (CMBitMap*) 0x0000017d803936d0, (CMBitMap*) 0x0000017d80393710
 Prev Bits: [0x0000017d99830000, 0x0000017d9b830000)
 Next Bits: [0x0000017d9b830000, 0x0000017d9d830000)

Polling page: 0x0000017d80400000

Metaspace:

Usage:
  Non-class:    152.97 MB used.
      Class:     23.42 MB used.
       Both:    176.39 MB used.

Virtual space:
  Non-class space:      192.00 MB reserved,     154.19 MB ( 80%) committed,  3 nodes.
      Class space:      416.00 MB reserved,      24.50 MB (  6%) committed,  1 nodes.
             Both:      608.00 MB reserved,     178.69 MB ( 29%) committed. 

Chunk freelists:
   Non-Class:  5.53 MB
       Class:  7.37 MB
        Both:  12.90 MB

MaxMetaspaceSize: 512.00 MB
CompressedClassSpaceSize: 416.00 MB
Initial GC threshold: 21.00 MB
Current GC threshold: 240.31 MB
CDS: on
MetaspaceReclaimPolicy: balanced
 - commit_granule_bytes: 65536.
 - commit_granule_words: 8192.
 - virtual_space_node_default_size: 8388608.
 - enlarge_chunks_in_place: 1.
 - new_chunks_are_fully_committed: 0.
 - uncommit_free_chunks: 1.
 - use_allocation_guard: 0.
 - handle_deallocations: 1.


Internal statistics:

num_allocs_failed_limit: 18.
num_arena_births: 3608.
num_arena_deaths: 6.
num_vsnodes_births: 4.
num_vsnodes_deaths: 0.
num_space_committed: 2857.
num_space_uncommitted: 0.
num_chunks_returned_to_freelist: 25.
num_chunks_taken_from_freelist: 12033.
num_chunk_merges: 18.
num_chunk_splits: 7656.
num_chunks_enlarged: 4618.
num_inconsistent_stats: 0.

CodeHeap 'non-profiled nmethods': size=120000Kb used=24046Kb max_used=24849Kb free=95954Kb
 bounds [0x0000017d90c90000, 0x0000017d924e0000, 0x0000017d981c0000]
CodeHeap 'profiled nmethods': size=120000Kb used=63327Kb max_used=63809Kb free=56672Kb
 bounds [0x0000017d891c0000, 0x0000017d8d020000, 0x0000017d906f0000]
CodeHeap 'non-nmethods': size=5760Kb used=1904Kb max_used=2053Kb free=3855Kb
 bounds [0x0000017d906f0000, 0x0000017d90960000, 0x0000017d90c90000]
 total_blobs=30283 nmethods=29261 adapters=932
 compilation: enabled
              stopped_count=0, restarted_count=0
 full_count=0

Compilation events (20 events):
Event: 206.482 Thread 0x0000017da0477ce0 37495 %     3       com.android.tools.r8.internal.AI::k @ 46 (150 bytes)
Event: 206.483 Thread 0x0000017da0477ce0 nmethod 37495% 0x0000017d8d010210 code [0x0000017d8d010420, 0x0000017d8d010cc8]
Event: 206.515 Thread 0x0000017dc76515b0 nmethod 37483 0x0000017d924d2710 code [0x0000017d924d2960, 0x0000017d924d3d18]
Event: 206.516 Thread 0x0000017dc76515b0 37391       4       com.android.tools.r8.internal.Zo0::a (231 bytes)
Event: 206.560 Thread 0x0000017da0477ce0 37497       3       com.android.tools.r8.internal.BB::a (139 bytes)
Event: 206.562 Thread 0x0000017da0477ce0 nmethod 37497 0x0000017d8d011010 code [0x0000017d8d0113a0, 0x0000017d8d012c08]
Event: 206.562 Thread 0x0000017da0477ce0 37498       3       com.android.tools.r8.internal.BB::y (491 bytes)
Event: 206.566 Thread 0x0000017da0477ce0 nmethod 37498 0x0000017d8d013310 code [0x0000017d8d0137e0, 0x0000017d8d015f48]
Event: 206.569 Thread 0x0000017da0477ce0 37499       2       com.android.tools.r8.internal.lb$$Lambda$4072/0x0000017da380f9f8::get (8 bytes)
Event: 206.569 Thread 0x0000017da0477ce0 nmethod 37499 0x0000017d8971b990 code [0x0000017d8971bb20, 0x0000017d8971bc48]
Event: 206.569 Thread 0x0000017da0477ce0 37500       2       com.android.tools.r8.internal.lb::h (44 bytes)
Event: 206.570 Thread 0x0000017da0477ce0 nmethod 37500 0x0000017d8a8ebf10 code [0x0000017d8a8ec100, 0x0000017d8a8ec3f8]
Event: 206.581 Thread 0x0000017da0477ce0 37501       3       com.android.tools.r8.internal.hq0::equals (43 bytes)
Event: 206.582 Thread 0x0000017da0477ce0 nmethod 37501 0x0000017d89222190 code [0x0000017d89222360, 0x0000017d89222788]
Event: 206.584 Thread 0x0000017da0477ce0 37503       3       com.android.tools.r8.internal.rT::a (1138 bytes)
Event: 206.594 Thread 0x0000017da0477ce0 nmethod 37503 0x0000017d8a84fa90 code [0x0000017d8a850460, 0x0000017d8a856338]
Event: 206.668 Thread 0x0000017dc76515b0 nmethod 37391 0x0000017d9203a390 code [0x0000017d9203a660, 0x0000017d9203ccf8]
Event: 206.669 Thread 0x0000017dc76515b0 37502       4       com.android.tools.r8.internal.BB::a (85 bytes)
Event: 206.724 Thread 0x0000017dc3dc69a0 nmethod 37474 0x0000017d922fc510 code [0x0000017d922fc920, 0x0000017d92301408]
Event: 206.725 Thread 0x0000017dc3dc69a0 37351       4       java.util.IdentityHashMap$EntrySpliterator::forEachRemaining (134 bytes)

GC Heap History (20 events):
Event: 204.182 GC heap after
{Heap after GC invocations=127 (full 0):
 garbage-first heap   total 717824K, used 438615K [0x0000000080000000, 0x0000000100000000)
  region size 1024K, 13 young (13312K), 13 survivors (13312K)
 Metaspace       used 180564K, committed 182912K, reserved 622592K
  class space    used 23978K, committed 25088K, reserved 425984K
}
Event: 204.532 GC heap before
{Heap before GC invocations=127 (full 0):
 garbage-first heap   total 717824K, used 630103K [0x0000000080000000, 0x0000000100000000)
  region size 1024K, 201 young (205824K), 13 survivors (13312K)
 Metaspace       used 180567K, committed 182912K, reserved 622592K
  class space    used 23978K, committed 25088K, reserved 425984K
}
Event: 204.551 GC heap after
{Heap after GC invocations=128 (full 0):
 garbage-first heap   total 717824K, used 440159K [0x0000000080000000, 0x0000000100000000)
  region size 1024K, 14 young (14336K), 14 survivors (14336K)
 Metaspace       used 180567K, committed 182912K, reserved 622592K
  class space    used 23978K, committed 25088K, reserved 425984K
}
Event: 204.845 GC heap before
{Heap before GC invocations=128 (full 0):
 garbage-first heap   total 717824K, used 632671K [0x0000000080000000, 0x0000000100000000)
  region size 1024K, 200 young (204800K), 14 survivors (14336K)
 Metaspace       used 180583K, committed 182912K, reserved 622592K
  class space    used 23981K, committed 25088K, reserved 425984K
}
Event: 204.863 GC heap after
{Heap after GC invocations=129 (full 0):
 garbage-first heap   total 717824K, used 442343K [0x0000000080000000, 0x0000000100000000)
  region size 1024K, 13 young (13312K), 13 survivors (13312K)
 Metaspace       used 180583K, committed 182912K, reserved 622592K
  class space    used 23981K, committed 25088K, reserved 425984K
}
Event: 205.229 GC heap before
{Heap before GC invocations=129 (full 0):
 garbage-first heap   total 717824K, used 629735K [0x0000000080000000, 0x0000000100000000)
  region size 1024K, 197 young (201728K), 13 survivors (13312K)
 Metaspace       used 180587K, committed 182912K, reserved 622592K
  class space    used 23981K, committed 25088K, reserved 425984K
}
Event: 205.256 GC heap after
{Heap after GC invocations=130 (full 0):
 garbage-first heap   total 717824K, used 446800K [0x0000000080000000, 0x0000000100000000)
  region size 1024K, 20 young (20480K), 20 survivors (20480K)
 Metaspace       used 180587K, committed 182912K, reserved 622592K
  class space    used 23981K, committed 25088K, reserved 425984K
}
Event: 205.619 GC heap before
{Heap before GC invocations=130 (full 0):
 garbage-first heap   total 717824K, used 621904K [0x0000000080000000, 0x0000000100000000)
  region size 1024K, 192 young (196608K), 20 survivors (20480K)
 Metaspace       used 180602K, committed 182976K, reserved 622592K
  class space    used 23981K, committed 25088K, reserved 425984K
}
Event: 205.647 GC heap after
{Heap after GC invocations=131 (full 0):
 garbage-first heap   total 717824K, used 447422K [0x0000000080000000, 0x0000000100000000)
  region size 1024K, 12 young (12288K), 12 survivors (12288K)
 Metaspace       used 180602K, committed 182976K, reserved 622592K
  class space    used 23981K, committed 25088K, reserved 425984K
}
Event: 205.888 GC heap before
{Heap before GC invocations=131 (full 0):
 garbage-first heap   total 717824K, used 628670K [0x0000000080000000, 0x0000000100000000)
  region size 1024K, 190 young (194560K), 12 survivors (12288K)
 Metaspace       used 180614K, committed 182976K, reserved 622592K
  class space    used 23981K, committed 25088K, reserved 425984K
}
Event: 205.910 GC heap after
{Heap after GC invocations=132 (full 0):
 garbage-first heap   total 717824K, used 454441K [0x0000000080000000, 0x0000000100000000)
  region size 1024K, 19 young (19456K), 19 survivors (19456K)
 Metaspace       used 180614K, committed 182976K, reserved 622592K
  class space    used 23981K, committed 25088K, reserved 425984K
}
Event: 206.010 GC heap before
{Heap before GC invocations=132 (full 0):
 garbage-first heap   total 717824K, used 624425K [0x0000000080000000, 0x0000000100000000)
  region size 1024K, 186 young (190464K), 19 survivors (19456K)
 Metaspace       used 180614K, committed 182976K, reserved 622592K
  class space    used 23981K, committed 25088K, reserved 425984K
}
Event: 206.032 GC heap after
{Heap after GC invocations=133 (full 0):
 garbage-first heap   total 782336K, used 452372K [0x0000000080000000, 0x0000000100000000)
  region size 1024K, 7 young (7168K), 7 survivors (7168K)
 Metaspace       used 180614K, committed 182976K, reserved 622592K
  class space    used 23981K, committed 25088K, reserved 425984K
}
Event: 206.170 GC heap before
{Heap before GC invocations=133 (full 0):
 garbage-first heap   total 782336K, used 682772K [0x0000000080000000, 0x0000000100000000)
  region size 1024K, 233 young (238592K), 7 survivors (7168K)
 Metaspace       used 180614K, committed 182976K, reserved 622592K
  class space    used 23981K, committed 25088K, reserved 425984K
}
Event: 206.185 GC heap after
{Heap after GC invocations=134 (full 0):
 garbage-first heap   total 782336K, used 453605K [0x0000000080000000, 0x0000000100000000)
  region size 1024K, 9 young (9216K), 9 survivors (9216K)
 Metaspace       used 180614K, committed 182976K, reserved 622592K
  class space    used 23981K, committed 25088K, reserved 425984K
}
Event: 206.356 GC heap before
{Heap before GC invocations=134 (full 0):
 garbage-first heap   total 782336K, used 685029K [0x0000000080000000, 0x0000000100000000)
  region size 1024K, 236 young (241664K), 9 survivors (9216K)
 Metaspace       used 180614K, committed 182976K, reserved 622592K
  class space    used 23981K, committed 25088K, reserved 425984K
}
Event: 206.370 GC heap after
{Heap after GC invocations=135 (full 0):
 garbage-first heap   total 782336K, used 454229K [0x0000000080000000, 0x0000000100000000)
  region size 1024K, 9 young (9216K), 9 survivors (9216K)
 Metaspace       used 180614K, committed 182976K, reserved 622592K
  class space    used 23981K, committed 25088K, reserved 425984K
}
Event: 206.544 GC heap before
{Heap before GC invocations=135 (full 0):
 garbage-first heap   total 782336K, used 688725K [0x0000000080000000, 0x0000000100000000)
  region size 1024K, 239 young (244736K), 9 survivors (9216K)
 Metaspace       used 180614K, committed 182976K, reserved 622592K
  class space    used 23981K, committed 25088K, reserved 425984K
}
Event: 206.558 GC heap after
{Heap after GC invocations=136 (full 0):
 garbage-first heap   total 782336K, used 454831K [0x0000000080000000, 0x0000000100000000)
  region size 1024K, 10 young (10240K), 10 survivors (10240K)
 Metaspace       used 180614K, committed 182976K, reserved 622592K
  class space    used 23981K, committed 25088K, reserved 425984K
}
Event: 206.727 GC heap before
{Heap before GC invocations=136 (full 0):
 garbage-first heap   total 782336K, used 690351K [0x0000000080000000, 0x0000000100000000)
  region size 1024K, 241 young (246784K), 10 survivors (10240K)
 Metaspace       used 180618K, committed 182976K, reserved 622592K
  class space    used 23982K, committed 25088K, reserved 425984K
}

Deoptimization events (20 events):
Event: 206.462 Thread 0x0000017dc3facc80 DEOPT PACKING pc=0x0000017d8cc7e4ac sp=0x0000007467af9620
Event: 206.462 Thread 0x0000017dc3facc80 DEOPT UNPACKING pc=0x0000017d90742b43 sp=0x0000007467af8e88 mode 0
Event: 206.498 Thread 0x0000017dc1137b70 DEOPT PACKING pc=0x0000017d8cc7e4ac sp=0x00000074671f93d0
Event: 206.498 Thread 0x0000017dc1137b70 DEOPT UNPACKING pc=0x0000017d90742b43 sp=0x00000074671f8c38 mode 0
Event: 206.559 Thread 0x0000017dc1137b70 Uncommon trap: trap_request=0xffffff45 fr.pc=0x0000017d9221dd44 relative=0x0000000000000544
Event: 206.559 Thread 0x0000017dc1137b70 Uncommon trap: reason=unstable_if action=reinterpret pc=0x0000017d9221dd44 method=com.android.tools.r8.internal.BB.a(Lcom/android/tools/r8/internal/Z5;)Z @ 25 c2
Event: 206.559 Thread 0x0000017dc1137b70 DEOPT PACKING pc=0x0000017d9221dd44 sp=0x00000074671f9900
Event: 206.559 Thread 0x0000017dc1137b70 DEOPT UNPACKING pc=0x0000017d907423a3 sp=0x00000074671f9858 mode 2
Event: 206.560 Thread 0x0000017dc1137b70 Uncommon trap: trap_request=0xffffff45 fr.pc=0x0000017d91e68378 relative=0x00000000000000d8
Event: 206.560 Thread 0x0000017dc1137b70 Uncommon trap: reason=unstable_if action=reinterpret pc=0x0000017d91e68378 method=com.android.tools.r8.internal.BB.a(Lcom/android/tools/r8/internal/Z5;)Z @ 25 c2
Event: 206.560 Thread 0x0000017dc1137b70 DEOPT PACKING pc=0x0000017d91e68378 sp=0x00000074671f98b0
Event: 206.560 Thread 0x0000017dc1137b70 DEOPT UNPACKING pc=0x0000017d907423a3 sp=0x00000074671f9848 mode 2
Event: 206.567 Thread 0x0000017dc1137b70 DEOPT PACKING pc=0x0000017d8cc7e4ac sp=0x00000074671f93d0
Event: 206.567 Thread 0x0000017dc1137b70 DEOPT UNPACKING pc=0x0000017d90742b43 sp=0x00000074671f8c38 mode 0
Event: 206.584 Thread 0x0000017dc1131120 DEOPT PACKING pc=0x0000017d8a356b5d sp=0x0000007466ff9540
Event: 206.584 Thread 0x0000017dc1131120 DEOPT UNPACKING pc=0x0000017d90742b43 sp=0x0000007466ff8af8 mode 0
Event: 206.616 Thread 0x0000017dc11352f0 DEOPT PACKING pc=0x0000017d8cc7e4ac sp=0x00000074675f9180
Event: 206.616 Thread 0x0000017dc11352f0 DEOPT UNPACKING pc=0x0000017d90742b43 sp=0x00000074675f89e8 mode 0
Event: 206.706 Thread 0x0000017dc1131120 DEOPT PACKING pc=0x0000017d8cc7e4ac sp=0x0000007466ff9730
Event: 206.706 Thread 0x0000017dc1131120 DEOPT UNPACKING pc=0x0000017d90742b43 sp=0x0000007466ff8f98 mode 0

Classes unloaded (3 events):
Event: 92.601 Thread 0x0000017da03170f0 Unloading class 0x0000017da2b18400 'java/lang/invoke/LambdaForm$DMH+0x0000017da2b18400'
Event: 92.601 Thread 0x0000017da03170f0 Unloading class 0x0000017da2b00c00 'java/lang/invoke/LambdaForm$MH+0x0000017da2b00c00'
Event: 92.601 Thread 0x0000017da03170f0 Unloading class 0x0000017da2b00400 'java/lang/invoke/LambdaForm$DMH+0x0000017da2b00400'

Classes redefined (0 events):
No events

Internal exceptions (20 events):
Event: 202.876 Thread 0x0000017dc3facc80 Exception <a 'sun/nio/fs/WindowsException'{0x00000000a4431bf0}> (0x00000000a4431bf0) 
thrown [s\open\src\hotspot\share\prims\jni.cpp, line 516]
Event: 202.898 Thread 0x0000017dc3facc80 Exception <a 'sun/nio/fs/WindowsException'{0x00000000a3af7cb0}> (0x00000000a3af7cb0) 
thrown [s\open\src\hotspot\share\prims\jni.cpp, line 516]
Event: 202.985 Thread 0x0000017dc3facc80 Exception <a 'sun/nio/fs/WindowsException'{0x00000000a3000d90}> (0x00000000a3000d90) 
thrown [s\open\src\hotspot\share\prims\jni.cpp, line 516]
Event: 203.008 Thread 0x0000017dc3facc80 Exception <a 'sun/nio/fs/WindowsException'{0x00000000a1792b30}> (0x00000000a1792b30) 
thrown [s\open\src\hotspot\share\prims\jni.cpp, line 516]
Event: 203.026 Thread 0x0000017dc3facc80 Exception <a 'sun/nio/fs/WindowsException'{0x00000000a0ae5220}> (0x00000000a0ae5220) 
thrown [s\open\src\hotspot\share\prims\jni.cpp, line 516]
Event: 204.120 Thread 0x0000017dc3facc80 Exception <a 'sun/nio/fs/WindowsException'{0x00000000a11d4bb8}> (0x00000000a11d4bb8) 
thrown [s\open\src\hotspot\share\prims\jni.cpp, line 516]
Event: 204.139 Thread 0x0000017dc3facc80 Exception <a 'sun/nio/fs/WindowsException'{0x00000000a0bd6b90}> (0x00000000a0bd6b90) 
thrown [s\open\src\hotspot\share\prims\jni.cpp, line 516]
Event: 204.210 Thread 0x0000017dc3facc80 Exception <a 'sun/nio/fs/WindowsException'{0x00000000abc7cb58}> (0x00000000abc7cb58) 
thrown [s\open\src\hotspot\share\prims\jni.cpp, line 516]
Event: 204.228 Thread 0x0000017dc3facc80 Exception <a 'sun/nio/fs/WindowsException'{0x00000000aade4860}> (0x00000000aade4860) 
thrown [s\open\src\hotspot\share\prims\jni.cpp, line 516]
Event: 204.378 Thread 0x0000017dc3facc80 Exception <a 'sun/nio/fs/WindowsException'{0x00000000a4b26530}> (0x00000000a4b26530) 
thrown [s\open\src\hotspot\share\prims\jni.cpp, line 516]
Event: 204.869 Thread 0x0000017dc11352f0 Exception <a 'sun/nio/fs/WindowsException'{0x00000000abafd038}> (0x00000000abafd038) 
thrown [s\open\src\hotspot\share\prims\jni.cpp, line 516]
Event: 204.931 Thread 0x0000017dc11352f0 Exception <a 'sun/nio/fs/WindowsException'{0x00000000a9f0ada0}> (0x00000000a9f0ada0) 
thrown [s\open\src\hotspot\share\prims\jni.cpp, line 516]
Event: 205.073 Thread 0x0000017dc11352f0 Exception <a 'sun/nio/fs/WindowsException'{0x00000000a5e3e3e0}> (0x00000000a5e3e3e0) 
thrown [s\open\src\hotspot\share\prims\jni.cpp, line 516]
Event: 205.085 Thread 0x0000017dc11352f0 Exception <a 'sun/nio/fs/WindowsException'{0x00000000a5bf5478}> (0x00000000a5bf5478) 
thrown [s\open\src\hotspot\share\prims\jni.cpp, line 516]
Event: 205.147 Thread 0x0000017dc11352f0 Exception <a 'sun/nio/fs/WindowsException'{0x00000000a341c100}> (0x00000000a341c100) 
thrown [s\open\src\hotspot\share\prims\jni.cpp, line 516]
Event: 205.402 Thread 0x0000017dc3facc80 Exception <a 'sun/nio/fs/WindowsException'{0x00000000a5a24b80}> (0x00000000a5a24b80) 
thrown [s\open\src\hotspot\share\prims\jni.cpp, line 516]
Event: 205.530 Thread 0x0000017dc3facc80 Exception <a 'sun/nio/fs/WindowsException'{0x00000000a4e891d0}> (0x00000000a4e891d0) 
thrown [s\open\src\hotspot\share\prims\jni.cpp, line 516]
Event: 205.545 Thread 0x0000017dc3facc80 Exception <a 'sun/nio/fs/WindowsException'{0x00000000a2d1f5d8}> (0x00000000a2d1f5d8) 
thrown [s\open\src\hotspot\share\prims\jni.cpp, line 516]
Event: 205.556 Thread 0x0000017dc3facc80 Exception <a 'sun/nio/fs/WindowsException'{0x00000000a2c97160}> (0x00000000a2c97160) 
thrown [s\open\src\hotspot\share\prims\jni.cpp, line 516]
Event: 205.712 Thread 0x0000017dc3facc80 Exception <a 'sun/nio/fs/WindowsException'{0x00000000a8aa2f48}> (0x00000000a8aa2f48) 
thrown [s\open\src\hotspot\share\prims\jni.cpp, line 516]

VM Operations (20 events):
Event: 204.866 Executing VM operation: G1CollectForAllocation done
Event: 205.224 Executing VM operation: G1CollectForAllocation
Event: 205.262 Executing VM operation: G1CollectForAllocation done
Event: 205.618 Executing VM operation: G1CollectForAllocation
Event: 205.653 Executing VM operation: G1CollectForAllocation done
Event: 205.883 Executing VM operation: G1CollectForAllocation
Event: 205.917 Executing VM operation: G1CollectForAllocation done
Event: 206.001 Executing VM operation: G1CollectForAllocation
Event: 206.032 Executing VM operation: G1CollectForAllocation done
Event: 206.170 Executing VM operation: G1CollectForAllocation
Event: 206.193 Executing VM operation: G1CollectForAllocation done
Event: 206.353 Executing VM operation: G1CollectForAllocation
Event: 206.375 Executing VM operation: G1CollectForAllocation done
Event: 206.475 Executing VM operation: HandshakeAllThreads
Event: 206.513 Executing VM operation: HandshakeAllThreads done
Event: 206.543 Executing VM operation: G1CollectForAllocation
Event: 206.561 Executing VM operation: G1CollectForAllocation done
Event: 206.668 Executing VM operation: HandshakeAllThreads
Event: 206.709 Executing VM operation: HandshakeAllThreads done
Event: 206.727 Executing VM operation: G1CollectForAllocation

Events (20 events):
Event: 206.610 Thread 0x0000017da0481de0 flushing nmethod 0x0000017d8cdc7c10
Event: 206.610 Thread 0x0000017da0481de0 flushing nmethod 0x0000017d8ce26090
Event: 206.610 Thread 0x0000017da0481de0 flushing nmethod 0x0000017d8ce26990
Event: 206.711 Thread 0x0000017da0481de0 flushing nmethod 0x0000017d90ed8610
Event: 206.722 Thread 0x0000017da0481de0 flushing nmethod 0x0000017d920d2110
Event: 206.722 Thread 0x0000017da0481de0 flushing nmethod 0x0000017d920ddd90
Event: 206.722 Thread 0x0000017da0481de0 flushing nmethod 0x0000017d920e6010
Event: 206.723 Thread 0x0000017da0481de0 flushing nmethod 0x0000017d921e5110
Event: 206.723 Thread 0x0000017da0481de0 flushing nmethod 0x0000017d92271990
Event: 206.723 Thread 0x0000017da0481de0 flushing nmethod 0x0000017d922ada90
Event: 206.723 Thread 0x0000017da0481de0 flushing nmethod 0x0000017d922efe90
Event: 206.723 Thread 0x0000017da0481de0 flushing nmethod 0x0000017d922f9810
Event: 206.723 Thread 0x0000017da0481de0 flushing nmethod 0x0000017d922fb410
Event: 206.723 Thread 0x0000017da0481de0 flushing nmethod 0x0000017d92316410
Event: 206.723 Thread 0x0000017da0481de0 flushing nmethod 0x0000017d9231f810
Event: 206.724 Thread 0x0000017da0481de0 flushing nmethod 0x0000017d9238af10
Event: 206.725 Thread 0x0000017da0481de0 flushing nmethod 0x0000017d92444e90
Event: 206.725 Thread 0x0000017da0481de0 flushing nmethod 0x0000017d9245c890
Event: 206.726 Thread 0x0000017da0481de0 flushing nmethod 0x0000017d8930c990
Event: 206.727 Thread 0x0000017da0481de0 flushing nmethod 0x0000017d893a3f90


Dynamic libraries:
0x00007ff67c180000 - 0x00007ff67c190000 	C:\Program Files\Java\jdk-17\bin\java.exe
0x00007ffbe9840000 - 0x00007ffbe9aa6000 	C:\WINDOWS\SYSTEM32\ntdll.dll
0x00007ffbe8920000 - 0x00007ffbe89e9000 	C:\WINDOWS\System32\KERNEL32.DLL
0x00007ffbe6e60000 - 0x00007ffbe725f000 	C:\WINDOWS\System32\KERNELBASE.dll
0x00007ffbe73e0000 - 0x00007ffbe752c000 	C:\WINDOWS\System32\ucrtbase.dll
0x00007ffbc3b40000 - 0x00007ffbc3b59000 	C:\Program Files\Java\jdk-17\bin\jli.dll
0x00007ffbd26e0000 - 0x00007ffbd26fb000 	C:\Program Files\Java\jdk-17\bin\VCRUNTIME140.dll
0x00007ffbe95b0000 - 0x00007ffbe966c000 	C:\WINDOWS\System32\ADVAPI32.dll
0x00007ffbe7fa0000 - 0x00007ffbe8049000 	C:\WINDOWS\System32\msvcrt.dll
0x00007ffbe79f0000 - 0x00007ffbe7a9a000 	C:\WINDOWS\System32\sechost.dll
0x00007ffbe8af0000 - 0x00007ffbe8c08000 	C:\WINDOWS\System32\RPCRT4.dll
0x00007ffbe8c10000 - 0x00007ffbe8dd6000 	C:\WINDOWS\System32\USER32.dll
0x00007ffbe7540000 - 0x00007ffbe7567000 	C:\WINDOWS\System32\win32u.dll
0x00007ffbcd210000 - 0x00007ffbcd4a1000 	C:\WINDOWS\WinSxS\amd64_microsoft.windows.common-controls_6595b64144ccf1df_6.0.26100.8972_none_3e0da176e32f9d4b\COMCTL32.dll
0x00007ffbe79a0000 - 0x00007ffbe79cb000 	C:\WINDOWS\System32\GDI32.dll
0x00007ffbe6d30000 - 0x00007ffbe6e59000 	C:\WINDOWS\System32\gdi32full.dll
0x00007ffbe7270000 - 0x00007ffbe7313000 	C:\WINDOWS\System32\msvcp_win.dll
0x00007ffbe3530000 - 0x00007ffbe353b000 	C:\WINDOWS\SYSTEM32\VERSION.dll
0x00007ffbe9450000 - 0x00007ffbe9482000 	C:\WINDOWS\System32\IMM32.DLL
0x00007ffbc3cb0000 - 0x00007ffbc3cbc000 	C:\Program Files\Java\jdk-17\bin\vcruntime140_1.dll
0x00007ffb4a9f0000 - 0x00007ffb4aa7e000 	C:\Program Files\Java\jdk-17\bin\msvcp140.dll
0x00007ffb2cf00000 - 0x00007ffb2dae0000 	C:\Program Files\Java\jdk-17\bin\server\jvm.dll
0x00007ffbe97f0000 - 0x00007ffbe97f8000 	C:\WINDOWS\System32\PSAPI.DLL
0x00007ffb6c8a0000 - 0x00007ffb6c8aa000 	C:\WINDOWS\SYSTEM32\WSOCK32.dll
0x00007ffbcbb10000 - 0x00007ffbcbb46000 	C:\WINDOWS\SYSTEM32\WINMM.dll
0x00007ffbe9490000 - 0x00007ffbe9512000 	C:\WINDOWS\System32\WS2_32.dll
0x00007ffbe5710000 - 0x00007ffbe572b000 	C:\WINDOWS\SYSTEM32\kernel.appcore.dll
0x00007ffbc3c50000 - 0x00007ffbc3c5a000 	C:\Program Files\Java\jdk-17\bin\jimage.dll
0x00007ffbe4020000 - 0x00007ffbe4262000 	C:\WINDOWS\SYSTEM32\DBGHELP.DLL
0x00007ffbe7610000 - 0x00007ffbe7995000 	C:\WINDOWS\System32\combase.dll
0x00007ffbe8050000 - 0x00007ffbe8129000 	C:\WINDOWS\System32\OLEAUT32.dll
0x00007ffbcd820000 - 0x00007ffbcd85b000 	C:\WINDOWS\SYSTEM32\dbgcore.DLL
0x00007ffbe7320000 - 0x00007ffbe73cc000 	C:\WINDOWS\System32\bcryptPrimitives.dll
0x00007ffba8e60000 - 0x00007ffba8e6e000 	C:\Program Files\Java\jdk-17\bin\instrument.dll
0x00007ffb4c830000 - 0x00007ffb4c855000 	C:\Program Files\Java\jdk-17\bin\java.dll
0x00007ffb463c0000 - 0x00007ffb46497000 	C:\Program Files\Java\jdk-17\bin\jsvml.dll
0x00007ffbe8130000 - 0x00007ffbe88b8000 	C:\WINDOWS\System32\SHELL32.dll
0x00007ffbe44e0000 - 0x00007ffbe4d7b000 	C:\WINDOWS\SYSTEM32\windows.storage.dll
0x00007ffbe89f0000 - 0x00007ffbe8ae9000 	C:\WINDOWS\System32\SHCORE.dll
0x00007ffbe93e0000 - 0x00007ffbe9446000 	C:\WINDOWS\System32\shlwapi.dll
0x00007ffbe6970000 - 0x00007ffbe6999000 	C:\WINDOWS\SYSTEM32\profapi.dll
0x00007ffb4c7f0000 - 0x00007ffb4c808000 	C:\Program Files\Java\jdk-17\bin\zip.dll
0x00007ffb5ba40000 - 0x00007ffb5ba59000 	C:\Program Files\Java\jdk-17\bin\net.dll
0x00007ffbd8910000 - 0x00007ffbd8a38000 	C:\WINDOWS\SYSTEM32\WINHTTP.dll
0x00007ffbe5cf0000 - 0x00007ffbe5d5c000 	C:\WINDOWS\system32\mswsock.dll
0x00007ffb4c810000 - 0x00007ffb4c826000 	C:\Program Files\Java\jdk-17\bin\nio.dll
0x00007ffbab120000 - 0x00007ffbab130000 	C:\Program Files\Java\jdk-17\bin\verify.dll
0x00007ffb491e0000 - 0x00007ffb49207000 	C:\Users\C TECH\.gradle\native\660c5614fbf4a5f2a75b1949f50a0caf5cd603558e7d8a26e50b933a0cfb79d1\windows-amd64\native-platform.dll
0x00007ffb46650000 - 0x00007ffb466c7000 	C:\Users\C TECH\.gradle\native\0.2.8\x86_64-windows-gnu\gradle-fileevents.dll
0x00007ffbafae0000 - 0x00007ffbafaea000 	C:\Program Files\Java\jdk-17\bin\management.dll
0x00007ffbab190000 - 0x00007ffbab19b000 	C:\Program Files\Java\jdk-17\bin\management_ext.dll
0x00007ffbe50b0000 - 0x00007ffbe50e3000 	C:\WINDOWS\SYSTEM32\IPHLPAPI.DLL
0x00007ffbe7570000 - 0x00007ffbe757a000 	C:\WINDOWS\System32\NSI.dll
0x00007ffbd8820000 - 0x00007ffbd883d000 	C:\WINDOWS\SYSTEM32\dhcpcsvc6.DLL
0x00007ffbd8160000 - 0x00007ffbd8185000 	C:\WINDOWS\SYSTEM32\dhcpcsvc.DLL
0x00007ffbe5140000 - 0x00007ffbe5298000 	C:\WINDOWS\SYSTEM32\DNSAPI.dll
0x00007ffbe5af0000 - 0x00007ffbe5afd000 	C:\WINDOWS\SYSTEM32\DSPARSE.dll
0x00007ffbe5fe0000 - 0x00007ffbe5ffb000 	C:\WINDOWS\SYSTEM32\CRYPTSP.dll
0x00007ffbe5670000 - 0x00007ffbe56a9000 	C:\WINDOWS\system32\rsaenh.dll
0x00007ffbe5da0000 - 0x00007ffbe5dd2000 	C:\WINDOWS\SYSTEM32\USERENV.dll
0x00007ffbe6940000 - 0x00007ffbe696a000 	C:\WINDOWS\SYSTEM32\bcrypt.dll
0x00007ffbe6000000 - 0x00007ffbe600c000 	C:\WINDOWS\SYSTEM32\CRYPTBASE.dll
0x00007ffba29c0000 - 0x00007ffba29ce000 	C:\Program Files\Java\jdk-17\bin\sunmscapi.dll
0x00007ffbe6a50000 - 0x00007ffbe6bce000 	C:\WINDOWS\System32\CRYPT32.dll
0x00007ffbe6220000 - 0x00007ffbe6250000 	C:\WINDOWS\SYSTEM32\ncrypt.dll
0x00007ffbe61d0000 - 0x00007ffbe620f000 	C:\WINDOWS\SYSTEM32\NTASN1.dll
0x00007ffbc3b00000 - 0x00007ffbc3b08000 	C:\WINDOWS\system32\wshunix.dll
0x00007ffbe1530000 - 0x00007ffbe1537000 	C:\Program Files\Java\jdk-17\bin\rmi.dll
0x00007ffbe3540000 - 0x00007ffbe35df000 	C:\WINDOWS\system32\apphelp.dll
0x00007ffbdd610000 - 0x00007ffbdd61b000 	C:\Windows\System32\rasadhlp.dll
0x00007ffbd7290000 - 0x00007ffbd7316000 	C:\WINDOWS\System32\fwpuclnt.dll
0x00007ffbe5850000 - 0x00007ffbe5886000 	C:\WINDOWS\SYSTEM32\ntmarta.dll

dbghelp: loaded successfully - version: 4.0.5 - missing functions: none
symbol engine: initialized successfully - sym options: 0x614 - pdb path: .;C:\Program Files\Java\jdk-17\bin;C:\WINDOWS\SYSTEM32;C:\WINDOWS\WinSxS\amd64_microsoft.windows.common-controls_6595b64144ccf1df_6.0.26100.8972_none_3e0da176e32f9d4b;C:\Program Files\Java\jdk-17\bin\server;C:\Users\C TECH\.gradle\native\660c5614fbf4a5f2a75b1949f50a0caf5cd603558e7d8a26e50b933a0cfb79d1\windows-amd64;C:\Users\C TECH\.gradle\native\0.2.8\x86_64-windows-gnu

VM Arguments:
jvm_args: --add-opens=java.base/java.lang=ALL-UNNAMED --add-opens=java.base/java.lang.invoke=ALL-UNNAMED --add-opens=java.base/java.util=ALL-UNNAMED --add-opens=java.prefs/java.util.prefs=ALL-UNNAMED --add-exports=jdk.compiler/com.sun.tools.javac.api=ALL-UNNAMED --add-exports=jdk.compiler/com.sun.tools.javac.util=ALL-UNNAMED --add-opens=java.base/java.util=ALL-UNNAMED --add-opens=java.prefs/java.util.prefs=ALL-UNNAMED --add-opens=java.base/java.nio.charset=ALL-UNNAMED --add-opens=java.base/java.net=ALL-UNNAMED --add-opens=java.base/java.util.concurrent=ALL-UNNAMED --add-opens=java.base/java.util.concurrent.atomic=ALL-UNNAMED --add-opens=java.xml/javax.xml.namespace=ALL-UNNAMED --add-opens=java.base/java.time=ALL-UNNAMED -XX:MaxMetaspaceSize=512m -Xmx2048m -Dfile.encoding=windows-1252 -Duser.country=US -Duser.language=en -Duser.variant -javaagent:C:\Users\C TECH\.gradle\wrapper\dists\gradle-9.3.1-bin\23ovyewtku6u96viwx3xl3oks\gradle-9.3.1\lib\agents\gradle-instrumentation-agent-9.3.1.jar 
java_command: org.gradle.launcher.daemon.bootstrap.GradleDaemon 9.3.1
java_class_path (initial): C:\Users\C TECH\.gradle\wrapper\dists\gradle-9.3.1-bin\23ovyewtku6u96viwx3xl3oks\gradle-9.3.1\lib\gradle-daemon-main-9.3.1.jar
Launcher Type: SUN_STANDARD

[Global flags]
     intx CICompilerCount                          = 4                                         {product} {ergonomic}
   size_t CompressedClassSpaceSize                 = 436207616                                 {product} {ergonomic}
     uint ConcGCThreads                            = 2                                         {product} {ergonomic}
     uint G1ConcRefinementThreads                  = 8                                         {product} {ergonomic}
   size_t G1HeapRegionSize                         = 1048576                                   {product} {ergonomic}
    uintx GCDrainStackTargetSize                   = 64                                        {product} {ergonomic}
   size_t InitialHeapSize                          = 266338304                                 {product} {ergonomic}
   size_t MarkStackSize                            = 4194304                                   {product} {ergonomic}
   size_t MaxHeapSize                              = 2147483648                                {product} {command line}
   size_t MaxMetaspaceSize                         = 536870912                                 {product} {command line}
   size_t MaxNewSize                               = 1287651328                                {product} {ergonomic}
   size_t MinHeapDeltaBytes                        = 1048576                                   {product} {ergonomic}
   size_t MinHeapSize                              = 8388608                                   {product} {ergonomic}
    uintx NonNMethodCodeHeapSize                   = 5839372                                {pd product} {ergonomic}
    uintx NonProfiledCodeHeapSize                  = 122909434                              {pd product} {ergonomic}
    uintx ProfiledCodeHeapSize                     = 122909434                              {pd product} {ergonomic}
    uintx ReservedCodeCacheSize                    = 251658240                              {pd product} {ergonomic}
     bool SegmentedCodeCache                       = true                                      {product} {ergonomic}
   size_t SoftMaxHeapSize                          = 2147483648                             {manageable} {ergonomic}
     bool UseCompressedClassPointers               = true                           {product lp64_product} {ergonomic}
     bool UseCompressedOops                        = true                           {product lp64_product} {ergonomic}
     bool UseG1GC                                  = true                                      {product} {ergonomic}
     bool UseLargePagesIndividualAllocation        = false                                  {pd product} {ergonomic}

Logging:
Log output configuration:
 #0: stdout all=warning uptime,level,tags
 #1: stderr all=off uptime,level,tags

Environment Variables:
JAVA_HOME=C:\Program Files\Java\jdk-17
PATH=c:\Users\C TECH\AppData\Roaming\Code\User\globalStorage\github.copilot-chat\debugCommand;c:\Users\C TECH\AppData\Roaming\Code\User\globalStorage\github.copilot-chat\copilotCli;C:\Program Files\Common Files\Oracle\Java\javapath;C:\WINDOWS\system32;C:\WINDOWS;C:\WINDOWS\System32\Wbem;C:\WINDOWS\System32\WindowsPowerShell\v1.0\;C:\WINDOWS\System32\OpenSSH\;D:\Program Files\cursor\resources\app\bin;C:\Program Files\nodejs\;D:\Program Files\Git\cmd;C:\Program Files\Docker\Docker\resources\bin;C:\Program Files\Java\jdk-17\bin;C:\apache-maven\bin;D:\Platform Tools;C:\Users\C TECH\AppData\Local\Programs\Eclipse Adoptium\jdk-17.0.20.8-hotspot\bin;C:\Users\C TECH\AppData\Local\Microsoft\WindowsApps;D:\Program Files\Microsoft VS Code\bin;C:\Users\C TECH\AppData\Roaming\npm;C:\Program Files\nodejs;D:\Program Files\Git\cmd;D:\Program Files\Git\bin;C:\Users\C TECH\AppData\Local\Programs\Antigravity\bin;C:\Users\C TECH\AppData\Local\GitHubDesktop\bin;C:\apache-maven\apache-maven-3.9.15\bin;C:\Users\C TECH\AppData\Local\Android\Sdk\platform-tools;D:\Program Files\Antigravity IDE\bin
USERNAME=Nimnadee Imeshika
LANG=en_US.UTF-8
OS=Windows_NT
PROCESSOR_IDENTIFIER=Intel64 Family 6 Model 142 Stepping 12, GenuineIntel



---------------  S Y S T E M  ---------------

OS:
 Windows 11 , 64 bit Build 26100 (10.0.26100.9168)
OS uptime: 13 days 13:25 hours
Hyper-V role detected

CPU: total 8 (initial active 8) (4 cores per cpu, 2 threads per core) family 6 model 142 stepping 12 microcode 0xde, cx8, cmov, fxsr, ht, mmx, 3dnowpref, sse, sse2, sse3, ssse3, sse4.1, sse4.2, popcnt, lzcnt, tsc, tscinvbit, avx, avx2, aes, erms, clmul, bmi1, bmi2, adx, fma, vzeroupper, clflush, clflushopt, hv

Memory: 4k page, system-wide physical 16187M (358M free)
TotalPageFile size 20690M (AvailPageFile size 54M)
current process WorkingSet (physical memory assigned to process): 1322M, peak: 1324M
current process commit charge ("private bytes"): 1376M, peak: 1530M

vm_info: Java HotSpot(TM) 64-Bit Server VM (17.0.12+8-LTS-286) for windows-amd64 JRE (17.0.12+8-LTS-286), built on Jun  5 2024 06:46:59 by "mach5one" with MS VC++ 17.6 (VS2022)

END.
